DateTime_Full,DateTime_Short,Level1,Level2,Level3,FlowIn,FlowOut,Storage,Release,Spillway,Gate
11/1/2025 0:00,1/11/2025 0:00,428.98,429,427,62.47,60,12,48,0,1
11/1/2025 1:00,1/11/2025 1:00,428.98,429,427,61.85,60,12,48,0,1
11/1/2025 2:00,1/11/2025 2:00,428.98,429,427,62.39,60,12,48,0,1
11/1/2025 3:00,1/11/2025 3:00,428.98,429,427,60.74,60,12,48,0,1
11/1/2025 4:00,1/11/2025 4:00,428.98,429,427,61.55,60,12,48,0,1
11/1/2025 5:00,1/11/2025 5:00,428.98,429,427,60.83,60,12,48,0,1
11/1/2025 6:00,1/11/2025 6:00,428.99,429,427,68.72,60,12,48,0,1
11/1/2025 7:00,1/11/2025 7:00,428.99,429,427,64.59,60,12,48,0,1
11/1/2025 8:00,1/11/2025 8:00,428.99,429,427,65.39,78,30,48,0,1
11/1/2025 9:00,1/11/2025 9:00,428.98,429,427,66.7,78,30,48,0,1
11/1/2025 10:00,1/11/2025 10:00,428.98,429,427,72.6,78,30,48,0,1
11/1/2025 11:00,1/11/2025 11:00,428.98,429,427,70.02,78,30,48,0,1
11/1/2025 12:00,1/11/2025 12:00,428.97,429,427,68.18,78,30,48,0,1
11/1/2025 13:00,1/11/2025 13:00,428.97,429,427,73.58,60,12,48,0,1
11/1/2025 14:00,1/11/2025 14:00,428.97,429,427,65.04,60,12,48,0,1
11/1/2025 15:00,1/11/2025 15:00,428.97,429,427,63.83,60,12,48,0,1
11/1/2025 16:00,1/11/2025 16:00,428.97,429,427,60.84,60,12,48,0,1
11/1/2025 17:00,1/11/2025 17:00,428.97,429,427,61.25,60,12,48,0,1
11/1/2025 18:00,1/11/2025 18:00,428.97,429,427,60.77,60,12,48,0,1
11/1/2025 19:00,1/11/2025 19:00,428.97,429,427,62.12,60,12,48,0,1
11/1/2025 20:00,1/11/2025 20:00,428.97,429,427,61.95,60,12,48,0,1
11/1/2025 21:00,1/11/2025 21:00,428.98,429,427,68.74,60,12,48,0,1
11/1/2025 22:00,1/11/2025 22:00,428.98,429,427,65.32,60,12,48,0,1
11/1/2025 23:00,1/11/2025 23:00,428.98,429,427,62.97,60,12,48,0,1
11/2/2025 0:00,2/11/2025 0:00,428.98,429,427,63.48,60,12,48,0,1
11/2/2025 1:00,2/11/2025 1:00,428.98,429,427,62.25,60,12,48,0,1
11/2/2025 2:00,2/11/2025 2:00,428.98,429,427,60.73,60,12,48,0,1
11/2/2025 3:00,2/11/2025 3:00,428.98,429,427,61.59,60,12,48,0,1
11/2/2025 4:00,2/11/2025 4:00,428.98,429,427,60.82,60,12,48,0,1
11/2/2025 5:00,2/11/2025 5:00,428.98,429,427,61.47,60,12,48,0,1
11/2/2025 6:00,2/11/2025 6:00,428.98,429,427,62.35,60,12,48,0,1
11/2/2025 7:00,2/11/2025 7:00,428.98,429,427,61.78,60,12,48,0,1
11/2/2025 8:00,2/11/2025 8:00,428.98,429,427,60.63,60,12,48,0,1
11/2/2025 9:00,2/11/2025 9:00,428.98,429,427,62.49,60,12,48,0,1
11/2/2025 10:00,2/11/2025 10:00,428.99,429,427,68.08,60,12,48,0,1
11/2/2025 11:00,2/11/2025 11:00,428.99,429,427,61.75,60,12,48,0,1
11/2/2025 12:00,2/11/2025 12:00,428.99,429,427,60.5,60,12,48,0,1
11/2/2025 13:00,2/11/2025 13:00,428.99,429,427,61.22,60,12,48,0,1
11/2/2025 14:00,2/11/2025 14:00,428.99,429,427,61.39,60,12,48,0,1
11/2/2025 15:00,2/11/2025 15:00,428.99,429,427,61.2,60,12,48,0,1
11/2/2025 16:00,2/11/2025 16:00,428.99,429,427,60.45,60,12,48,0,1
11/2/2025 17:00,2/11/2025 17:00,428.99,429,427,60.34,60,12,48,0,1
11/2/2025 18:00,2/11/2025 18:00,428.99,429,427,59.79,60,12,48,0,1
11/2/2025 19:00,2/11/2025 19:00,428.99,429,427,59.68,60,12,48,0,1
11/2/2025 20:00,2/11/2025 20:00,428.99,429,427,61.04,60,12,48,0,1
11/2/2025 21:00,2/11/2025 21:00,428.99,429,427,62.13,60,12,48,0,1
11/2/2025 22:00,2/11/2025 22:00,428.99,429,427,60.27,60,12,48,0,1
11/2/2025 23:00,2/11/2025 23:00,428.99,429,427,61.71,60,12,48,0,1
11/3/2025 0:00,3/11/2025 0:00,428.99,429,427,60.74,48.75,12,36.75,0,1
11/3/2025 1:00,3/11/2025 1:00,428.99,429,427,52.6,33.25,12,21.25,0,1
11/3/2025 2:00,3/11/2025 2:00,428.99,429,427,43.37,31.5,12,19.5,0,1
11/3/2025 3:00,3/11/2025 3:00,429,429,427,42.72,31.5,12,19.5,0,1
11/3/2025 4:00,3/11/2025 4:00,429,429,427,35.24,31.5,12,19.5,0,1
11/3/2025 5:00,3/11/2025 5:00,429,429,427,45.5,48.3,12,36.3,0,1
11/3/2025 6:00,3/11/2025 6:00,428.99,429,427,51.34,56.07,12,44.07,0,1
11/3/2025 7:00,3/11/2025 7:00,428.99,429,427,59.54,60,12,48,0,1
11/3/2025 8:00,3/11/2025 8:00,428.99,429,427,58.67,60,12,48,0,1
11/3/2025 9:00,3/11/2025 9:00,428.99,429,427,57.47,60,12,48,0,1
11/3/2025 10:00,3/11/2025 10:00,428.99,429,427,57.32,60,12,48,0,1
11/3/2025 11:00,3/11/2025 11:00,428.98,429,427,57.03,60,12,48,0,1
11/3/2025 12:00,3/11/2025 12:00,428.98,429,427,56.77,60,12,48,0,1
11/3/2025 13:00,3/11/2025 13:00,428.98,429,427,58.98,60,12,48,0,1
11/3/2025 14:00,3/11/2025 14:00,428.98,429,427,60.27,60,12,48,0,1
11/3/2025 15:00,3/11/2025 15:00,428.98,429,427,60.5,60,12,48,0,1
11/3/2025 16:00,3/11/2025 16:00,428.98,429,427,60.97,60,12,48,0,1
11/3/2025 17:00,3/11/2025 17:00,428.98,429,427,61.17,60,12,48,0,1
11/3/2025 18:00,3/11/2025 18:00,428.98,429,427,61.97,60,12,48,0,1
11/3/2025 19:00,3/11/2025 19:00,428.98,429,427,62.62,60,12,48,0,1
11/3/2025 20:00,3/11/2025 20:00,428.98,429,427,62.68,60,12,48,0,1
11/3/2025 21:00,3/11/2025 21:00,428.98,429,427,61.62,60,12,48,0,1
11/3/2025 22:00,3/11/2025 22:00,428.98,429,427,60.27,60,12,48,0,1
11/3/2025 23:00,3/11/2025 23:00,428.98,429,427,62.15,60,12,48,0,1
11/4/2025 0:00,4/11/2025 0:00,428.98,429,427,61.1,58.87,12,46.87,0,1
11/4/2025 1:00,4/11/2025 1:00,428.98,429,427,53.32,52.5,12,40.5,0,1
11/4/2025 2:00,4/11/2025 2:00,428.98,429,427,52.43,52.5,12,40.5,0,1
11/4/2025 3:00,4/11/2025 3:00,428.98,429,427,53.92,52.5,12,40.5,0,1
11/4/2025 4:00,4/11/2025 4:00,428.98,429,427,51.18,52.5,12,40.5,0,1
11/4/2025 5:00,4/11/2025 5:00,428.99,429,427,59.68,52.5,12,40.5,0,1
11/4/2025 6:00,4/11/2025 6:00,428.99,429,427,60.95,56.9,12,44.9,0,1
11/4/2025 7:00,4/11/2025 7:00,428.99,429,427,60.83,60,12,48,0,1
11/4/2025 8:00,4/11/2025 8:00,428.99,429,427,61.57,60,12,48,0,1
11/4/2025 9:00,4/11/2025 9:00,428.99,429,427,60.54,60,12,48,0,1
11/4/2025 10:00,4/11/2025 10:00,428.99,429,427,60.09,60,12,48,0,1
11/4/2025 11:00,4/11/2025 11:00,428.99,429,427,59.65,60,12,48,0,1
11/4/2025 12:00,4/11/2025 12:00,428.99,429,427,59.28,60,12,48,0,1
11/4/2025 13:00,4/11/2025 13:00,428.99,429,427,58.87,60,12,48,0,1
11/4/2025 14:00,4/11/2025 14:00,428.99,429,427,58.37,60,12,48,0,1
11/4/2025 15:00,4/11/2025 15:00,428.98,429,427,52.92,60,12,48,0,1
11/4/2025 16:00,4/11/2025 16:00,428.98,429,427,57.18,60,12,48,0,1
11/4/2025 17:00,4/11/2025 17:00,428.98,429,427,59.46,60,12,48,0,1
11/4/2025 18:00,4/11/2025 18:00,428.98,429,427,60.8,60,12,48,0,1
11/4/2025 19:00,4/11/2025 19:00,428.98,429,427,56.15,60,12,48,0,1
11/4/2025 20:00,4/11/2025 20:00,428.97,429,427,52.36,60,12,48,0,1
11/4/2025 21:00,4/11/2025 21:00,428.98,429,427,63.32,60,12,48,0,1
11/4/2025 22:00,4/11/2025 22:00,428.98,429,427,61.21,60,12,48,0,1
11/4/2025 23:00,4/11/2025 23:00,428.98,429,427,59.04,60,12,48,0,1
11/5/2025 0:00,5/11/2025 0:00,428.97,429,427,58.17,60,12,48,0,1
11/5/2025 1:00,5/11/2025 1:00,428.97,429,427,57.78,39.2,12,27.2,0,1
11/5/2025 2:00,5/11/2025 2:00,428.97,429,427,56.6,36,12,24,0,1
11/5/2025 3:00,5/11/2025 3:00,428.98,429,427,55.07,36,12,24,0,1
11/5/2025 4:00,5/11/2025 4:00,428.98,429,427,54.57,47.6,12,35.6,0,1
11/5/2025 5:00,5/11/2025 5:00,428.98,429,427,53.53,60,12,48,0,1
11/5/2025 6:00,5/11/2025 6:00,428.98,429,427,53.9,56.77,12,44.77,0,1
11/5/2025 7:00,5/11/2025 7:00,428.98,429,427,55.1,60,12,48,0,1
11/5/2025 8:00,5/11/2025 8:00,428.96,429,427,50.54,60,12,48,0,1
11/5/2025 9:00,5/11/2025 9:00,428.95,429,427,48.66,60,12,48,0,1
11/5/2025 10:00,5/11/2025 10:00,428.93,429,427,46.62,60,12,48,0,1
11/5/2025 11:00,5/11/2025 11:00,428.93,429,427,38.01,32.55,12,20.55,0,1
11/5/2025 12:00,5/11/2025 12:00,428.92,429,427,34.6,31.5,12,19.5,0,1
11/5/2025 13:00,5/11/2025 13:00,428.92,429,427,31.76,31.5,12,19.5,0,1
11/5/2025 14:00,5/11/2025 14:00,428.91,429,427,29.89,38.5,12,26.5,0,1
11/5/2025 15:00,5/11/2025 15:00,428.89,429,427,28.22,57.25,12,45.25,0,1
11/5/2025 16:00,5/11/2025 16:00,428.87,429,427,33.27,60,12,48,0,1
11/5/2025 17:00,5/11/2025 17:00,428.85,429,427,31.18,60,12,48,0,1
11/5/2025 18:00,5/11/2025 18:00,428.81,429,427,31.08,60,12,48,0,1
11/5/2025 19:00,5/11/2025 19:00,428.76,429,427,25.22,60,12,48,0,1
11/5/2025 20:00,5/11/2025 20:00,428.73,429,427,30.45,60,12,48,0,1
11/5/2025 21:00,5/11/2025 21:00,428.71,429,427,36.14,60,12,48,0,1
11/5/2025 22:00,5/11/2025 22:00,428.71,429,427,61.68,60,12,48,0,1
11/5/2025 23:00,5/11/2025 23:00,428.62,429,427,62.39,148,100,48,0,2
11/6/2025 0:00,6/11/2025 0:00,428.53,429,427,62.21,141.4,100,41.4,0,2
11/6/2025 1:00,6/11/2025 1:00,428.43,429,427,50.18,140.5,100,40.5,0,2
11/6/2025 2:00,6/11/2025 2:00,428.26,429,427,16.45,140.5,100,40.5,0,2
11/6/2025 3:00,6/11/2025 3:00,428.08,429,427,15.33,140.5,100,40.5,0,2
11/6/2025 4:00,6/11/2025 4:00,427.84,429,427,14.89,140.5,100,40.5,0,2
11/6/2025 5:00,6/11/2025 5:00,427.6,429,427,15.68,125,100,25,0,2
11/6/2025 6:00,6/11/2025 6:00,427.45,429,427,15.32,123.05,100,23.05,0,2
11/6/2025 7:00,6/11/2025 7:00,427.3,429,427,23.06,124,100,24,0,2
11/6/2025 8:00,6/11/2025 8:00,427.19,429,427,34.88,124,100,24,0,2
11/6/2025 9:00,6/11/2025 9:00,427.17,429,427,93.64,124,100,24,0,2
11/6/2025 10:00,6/11/2025 10:00,427.16,429,427,128.83,124,100,24,0,2
11/6/2025 11:00,6/11/2025 11:45,427.15,429,427,172.29,171.37,150,21.37,0,3
11/6/2025 12:00,6/11/2025 12:45,427.15,429,427,235.42,171,150,21,0,3
11/6/2025 13:00,6/11/2025 13:45,427.15,429,427,272.59,274,250,24,0,4
11/6/2025 14:00,6/11/2025 14:45,427.15,429,427,279.32,274,250,24,0,4
11/6/2025 15:00,6/11/2025 15:45,427.15,429,427,276.05,274,250,24,0,4
11/6/2025 16:00,6/11/2025 16:45,427.15,429,427,274.22,274,250,24,0,4
11/6/2025 17:00,6/11/2025 17:45,427.17,429,427,390.08,274,250,24,0,4
11/6/2025 18:00,6/11/2025 18:45,427.17,429,427,377.16,374,350,24,0,4
11/6/2025 19:00,6/11/2025 19:45,427.2,429,427,391.75,504,480,24,0,4
11/6/2025 20:00,6/11/2025 20:45,427.23,429,427,504.15,483.15,480,3.15,0,4
11/6/2025 21:00,6/11/2025 21:45,427.26,429,427,502.65,480,480,0,0,4
11/6/2025 22:00,6/11/2025 22:45,427.26,429,427,483.84,480,480,0,0,4
11/6/2025 23:00,6/11/2025 23:45,427.29,429,427,526.89,500.22,480,20.22,0,4
11/7/2025 0:00,7/11/2025 0:45,427.32,429,427,311.32,19.5,0,19.5,0,0
11/7/2025 1:00,7/11/2025 1:45,427.74,429,427,279.5,19.5,0,19.5,0,0
11/7/2025 2:00,7/11/2025 2:45,428.07,429,427,242.84,19.5,0,19.5,0,0
11/7/2025 3:00,7/11/2025 3:45,428.28,429,427,213.67,19.5,0,19.5,0,0
11/7/2025 4:00,7/11/2025 4:45,428.36,429,427,102.29,19.5,0,19.5,0,0
11/7/2025 5:00,7/11/2025 5:45,428.42,429,427,105.32,19.5,0,19.5,0,0
11/7/2025 6:00,7/11/2025 6:45,428.51,429,427,105.27,19.5,0,19.5,0,0
11/7/2025 7:00,7/11/2025 7:00,428.53,429,427,105.58,29.5,10,19.5,0,1
11/7/2025 8:00,7/11/2025 8:00,428.67,429,427,115.3,45.9,10,35.9,0,1
11/7/2025 9:00,7/11/2025 9:00,428.75,429,427,110.67,22.85,10,12.85,0,1
11/7/2025 10:00,7/11/2025 10:00,428.85,429,427,105.7,17.6,10,7.6,0,1
11/7/2025 11:00,7/11/2025 11:00,428.9,429,427,102.26,47.22,10,37.22,0,1
11/7/2025 12:00,7/11/2025 12:00,428.93,429,427,84.94,50.5,10,40.5,0,1
11/7/2025 13:00,7/11/2025 13:00,428.96,429,427,76.33,50.5,10,40.5,0,1
11/7/2025 14:00,7/11/2025 14:00,428.97,429,427,62.59,55.7,10,45.7,0,1
11/7/2025 15:00,7/11/2025 15:00,428.98,429,427,64.48,58,10,48,0,1
11/7/2025 16:00,7/11/2025 16:00,428.98,429,427,62.9,58,10,48,0,1
11/7/2025 17:00,7/11/2025 17:00,428.98,429,427,60.83,58,10,48,0,1
11/7/2025 18:00,7/11/2025 18:00,428.98,429,427,59.93,58,10,48,0,1
11/7/2025 19:00,7/11/2025 19:00,428.98,429,427,59.01,58,10,48,0,1
11/7/2025 20:00,7/11/2025 20:00,428.98,429,427,58.32,58,10,48,0,1
11/7/2025 21:00,7/11/2025 21:00,428.98,429,427,58.67,58,10,48,0,1
11/7/2025 22:00,7/11/2025 22:00,428.98,429,427,60.14,58,10,48,0,1
11/7/2025 23:00,7/11/2025 23:00,428.98,429,427,59.83,56.02,10,46.02,0,1
11/8/2025 0:00,8/11/2025 0:00,428.98,429,427,60.29,51.04,10,41.04,0,1
11/8/2025 1:00,8/11/2025 1:00,428.99,429,427,63.71,50.5,10,40.5,0,1
11/8/2025 2:00,8/11/2025 2:00,428.99,429,427,58.49,50.5,10,40.5,0,1
11/8/2025 3:00,8/11/2025 3:00,428.99,429,427,54.62,50.5,10,40.5,0,1
11/8/2025 4:00,8/11/2025 4:00,428.99,429,427,55.17,50.5,10,40.5,0,1
11/8/2025 5:00,8/11/2025 5:00,428.99,429,427,53.49,50.5,10,40.5,0,1
11/8/2025 6:00,8/11/2025 6:00,428.98,429,427,46.58,50.5,10,40.5,0,1
11/8/2025 7:00,8/11/2025 7:00,428.98,429,427,49.4,50.5,10,40.5,0,1
11/8/2025 8:00,8/11/2025 8:00,428.98,429,427,57.32,57.25,10,47.25,0,1
11/8/2025 9:00,8/11/2025 9:00,428.98,429,427,59.16,57.46,10,47.46,0,1
11/8/2025 10:00,8/11/2025 10:00,428.98,429,427,55.74,52.51,10,42.51,0,1
11/8/2025 11:00,8/11/2025 11:00,428.98,429,427,53.28,50.5,10,40.5,0,1
11/8/2025 12:00,8/11/2025 12:00,428.98,429,427,50.96,40.1,10,30.1,0,1
11/8/2025 13:00,8/11/2025 13:00,428.98,429,427,54.47,49.2,10,39.2,0,1
11/8/2025 14:00,8/11/2025 14:00,428.97,429,427,46.29,50,4,46,0,1
11/8/2025 15:00,8/11/2025 15:00,428.97,429,427,52.38,52,4,48,0,1
11/8/2025 16:00,8/11/2025 16:00,428.97,429,427,51.72,36.8,4,32.8,0,1
11/8/2025 17:00,8/11/2025 17:00,428.97,429,427,38.26,28,4,24,0,1
11/8/2025 18:00,8/11/2025 18:00,428.97,429,427,43.6,34.3,4,30.3,0,1
11/8/2025 19:00,8/11/2025 19:00,428.97,429,427,49.17,51.55,4,47.55,0,1
11/8/2025 20:00,8/11/2025 20:00,428.96,429,427,46.82,52,4,48,0,1
11/8/2025 21:00,8/11/2025 21:00,428.96,429,427,51.79,52,4,48,0,1
11/8/2025 22:00,8/11/2025 22:00,428.96,429,427,53.34,52,4,48,0,1
11/8/2025 23:00,8/11/2025 23:00,428.97,429,427,59.62,52,4,48,0,1
11/9/2025 0:00,8/11/2025 23:00,428.97,429,427,59.62,52,4,48,0,1
11/9/2025 1:00,9/11/2025 1:00,428.96,429,427,35.49,4,4,0,0,1
11/9/2025 2:00,9/11/2025 2:00,428.97,429,427,27.62,4,4,0,0,1
11/9/2025 3:00,9/11/2025 3:00,428.97,429,427,6.84,4,4,0,0,1
11/9/2025 4:00,9/11/2025 4:00,428.97,429,427,7.29,4,4,0,0,1
11/9/2025 5:00,9/11/2025 5:00,428.97,429,427,6.54,4,4,0,0,1
11/9/2025 6:00,9/11/2025 6:00,428.97,429,427,7.18,4,4,0,0,1
11/9/2025 7:00,9/11/2025 7:00,428.99,429,427,43.87,4,4,0,0,1
11/9/2025 8:00,9/11/2025 8:00,428.99,429,427,36.74,4,4,0,0,1
11/9/2025 9:00,9/11/2025 9:00,428.99,429,427,8.25,4,4,0,0,1
11/9/2025 10:00,9/11/2025 10:00,428.97,429,427,8.39,4,4,0,0,1
11/9/2025 11:00,9/11/2025 11:00,428.99,429,427,14.86,4,4,0,0,1
11/9/2025 12:00,9/11/2025 12:00,428.99,429,427,10.89,4,4,0,0,1
11/9/2025 13:00,9/11/2025 13:00,428.99,429,427,9.63,4,4,0,0,1
11/9/2025 14:00,9/11/2025 14:00,428.99,429,427,8.58,4,4,0,0,1
11/9/2025 15:00,9/11/2025 15:00,428.99,429,427,8.42,4,4,0,0,1
11/9/2025 16:00,9/11/2025 16:00,428.99,429,427,9.07,4,4,0,0,1
11/9/2025 17:00,9/11/2025 17:00,428.97,429,427,10.78,28,4,24,0,1
11/9/2025 18:00,9/11/2025 18:00,428.95,429,427,24.15,52,4,48,0,1
11/9/2025 19:00,9/11/2025 19:00,428.93,429,427,34.78,52,4,48,0,1
11/9/2025 20:00,9/11/2025 20:00,428.92,429,427,32.96,49.55,4,45.55,0,1
11/9/2025 21:00,9/11/2025 21:00,428.91,429,427,10.85,5.4,4,1.4,0,1
11/9/2025 22:00,9/11/2025 22:00,428.91,429,427,10.49,4,4,0,0,1
11/9/2025 23:00,9/11/2025 23:00,428.92,429,427,20.61,4,4,0,0,1
11/10/2025 0:00,10/11/2025 0:00,428.94,429,427,35.58,4,4,0,0,1
11/10/2025 1:00,10/11/2025 1:00,428.96,429,427,35.49,4,4,0,0,1
11/10/2025 2:00,10/11/2025 2:00,428.97,429,427,27.62,4,4,0,0,1
11/10/2025 3:00,10/11/2025 3:00,428.97,429,427,6.84,4,4,0,0,1
11/10/2025 4:00,10/11/2025 4:00,428.97,429,427,7.29,4,4,0,0,1
11/10/2025 5:00,10/11/2025 5:00,428.97,429,427,6.54,4,4,0,0,1
11/10/2025 6:00,10/11/2025 6:00,428.97,429,427,7.18,4,4,0,0,1
11/10/2025 7:00,10/11/2025 7:00,428.97,429,427,6.92,4,4,0,0,1
11/10/2025 8:00,10/11/2025 8:00,428.97,429,427,7.63,4,4,0,0,1
11/10/2025 9:00,10/11/2025 9:00,428.97,429,427,8.25,4,4,0,0,1
11/10/2025 10:00,10/11/2025 10:00,428.97,429,427,8.39,4,4,0,0,1
11/10/2025 11:00,10/11/2025 11:00,428.97,429,427,7.86,4,4,0,0,1
11/10/2025 12:00,10/11/2025 12:00,428.97,429,427,7.69,4,4,0,0,1
11/10/2025 13:00,10/11/2025 13:00,428.98,429,427,8.12,4,4,0,0,1
11/10/2025 14:00,10/11/2025 14:00,428.98,429,427,8.35,4,4,0,0,1
11/10/2025 15:00,10/11/2025 15:00,428.98,429,427,8.54,4,4,0,0,1
11/10/2025 16:00,10/11/2025 16:00,428.97,429,427,14.22,25.45,4,21.45,0,1
11/10/2025 17:00,10/11/2025 17:00,428.95,429,427,26.89,50.15,4,46.15,0,1
11/10/2025 18:00,10/11/2025 18:00,428.93,429,427,31.56,48.9,4,44.9,0,1
11/10/2025 19:00,10/11/2025 19:00,428.92,429,427,38.47,46,4,42,0,1
11/10/2025 20:00,10/11/2025 20:00,428.93,429,427,32.46,11,4,7,0,1
11/10/2025 21:00,10/11/2025 21:00,428.93,429,427,28.87,21.5,4,17.5,0,1
11/10/2025 22:00,10/11/2025 22:00,428.94,429,427,24.98,4,4,0,0,1
11/10/2025 23:00,10/11/2025 23:00,428.95,429,427,32.48,4,4,0,0,1
11/11/2025 0:00,11/11/2025 0:00,428.96,429,427,34.17,4,4,0,0,1
11/11/2025 1:00,11/11/2025 1:00,428.97,429,427,30.12,4,4,0,0,1
11/11/2025 2:00,11/11/2025 2:00,428.97,429,427,18.17,4,4,0,0,1
11/11/2025 3:00,11/11/2025 3:00,428.97,429,427,10.62,4,4,0,0,1
11/11/2025 4:00,11/11/2025 4:00,428.97,429,427,8.51,4,4,0,0,1
11/11/2025 5:00,11/11/2025 5:00,428.97,429,427,7.85,4,4,0,0,1
11/11/2025 6:00,11/11/2025 6:00,428.97,429,427,7.63,4,4,0,0,1
11/11/2025 7:00,11/11/2025 7:00,428.95,429,427,16.79,43.15,4,39.15,0,1
11/11/2025 8:00,11/11/2025 8:00,428.93,429,427,17.28,30.02,4,26.02,0,1
11/11/2025 9:00,11/11/2025 9:00,428.94,429,427,16.67,4,4,0,0,1
11/11/2025 10:00,11/11/2025 10:00,428.95,429,427,12.61,4,4,0,0,1
11/11/2025 11:00,11/11/2025 11:00,428.96,429,427,10.05,4,4,0,0,1
11/11/2025 12:00,11/11/2025 12:00,428.96,429,427,8.48,4,4,0,0,1
11/11/2025 13:00,11/11/2025 13:00,428.96,429,427,9.12,4,4,0,0,1
11/11/2025 14:00,11/11/2025 14:00,428.97,429,427,9.39,4,4,0,0,1
11/11/2025 15:00,11/11/2025 15:00,428.95,429,427,18.06,45.3,4,41.3,0,1
11/11/2025 16:00,11/11/2025 16:00,428.93,429,427,24.87,47.95,4,43.95,0,1
11/11/2025 17:00,11/11/2025 17:00,428.91,429,427,30.64,52,4,48,0,1
11/11/2025 18:00,11/11/2025 18:00,428.9,429,427,37.18,52,4,48,0,1
11/11/2025 19:00,11/11/2025 19:00,428.89,429,427,39.33,46.3,4,42.3,0,1
11/11/2025 20:00,11/11/2025 20:00,428.88,429,427,37.39,46,4,42,0,1
11/11/2025 21:00,11/11/2025 21:00,428.87,429,427,42.14,50.75,4,46.75,0,1
11/11/2025 22:00,11/11/2025 22:00,428.87,429,427,42.87,46,4,42,0,1
11/11/2025 23:00,11/11/2025 23:00,428.88,429,427,46.21,37.6,4,33.6,0,1
11/12/2025 0:00,12/11/2025 0:00,428.9,429,427,41.78,5.4,4,1.4,0,1
11/12/2025 1:00,12/11/2025 1:00,428.93,429,427,40.38,4,4,0,0,1
11/12/2025 2:00,12/11/2025 2:00,428.94,429,427,16.44,4,4,0,0,1
11/12/2025 3:00,12/11/2025 3:00,428.95,429,427,13.17,4,4,0,0,1
11/12/2025 4:00,12/11/2025 4:00,428.95,429,427,12.45,4,4,0,0,1
11/12/2025 5:00,12/11/2025 5:00,428.96,429,427,11.93,4,4,0,0,1
11/12/2025 6:00,12/11/2025 6:00,428.96,429,427,10.88,4,4,0,0,1
11/12/2025 7:00,12/11/2025 7:00,428.97,429,427,12.61,4,4,0,0,1
11/12/2025 8:00,12/11/2025 8:00,428.97,429,427,12.68,4,4,0,0,1
11/12/2025 9:00,12/11/2025 9:00,428.96,429,427,16.79,38.3,4,34.3,0,1
11/12/2025 10:00,12/11/2025 10:00,428.96,429,427,14.22,7.05,4,3.05,0,1
11/12/2025 11:00,12/11/2025 11:00,428.96,429,427,12.05,4,4,0,0,1
11/12/2025 12:00,12/11/2025 12:00,428.97,429,427,10.46,4,4,0,0,1
11/12/2025 13:00,12/11/2025 13:00,428.97,429,427,10.17,4,4,0,0,1
11/12/2025 14:00,12/11/2025 14:00,428.97,429,427,11.28,4,4,0,0,1
11/12/2025 15:00,12/11/2025 15:00,428.94,429,427,13.87,39.7,4,35.7,0,1
11/12/2025 16:00,12/11/2025 16:00,428.9,429,427,13.96,51.4,4,47.4,0,1
11/12/2025 17:00,12/11/2025 17:00,428.87,429,427,14.84,52,4,48,0,1
11/12/2025 18:00,12/11/2025 18:00,428.84,429,427,14.62,52,4,48,0,1
11/12/2025 19:00,12/11/2025 19:00,428.81,429,427,15.77,46.6,4,42.6,0,1
11/12/2025 20:00,12/11/2025 20:00,428.82,429,427,16.41,6.8,4,2.8,0,1
11/12/2025 21:00,12/11/2025 21:00,428.8,429,427,18.39,40.4,4,36.4,0,1
11/12/2025 22:00,12/11/2025 22:00,428.78,429,427,22.06,35.47,4,31.47,0,1
11/12/2025 23:00,12/11/2025 23:00,428.84,429,427,47.59,4,4,0,0,1
11/13/2025 0:00,13/11 00:00,428.9,429,427,45.33,4,4,0,0,1
11/13/2025 1:00,13/11 01:00,428.93,429,427,42.14,4,4,0,0,1
11/13/2025 2:00,13/11 02:00,428.94,429,427,22.25,4,4,0,0,1
11/13/2025 3:00,13/11 03:00,428.94,429,427,17.36,4,4,0,0,1
11/13/2025 4:00,13/11 04:00,428.95,429,427,14.78,4,4,0,0,1
11/13/2025 5:00,13/11 05:00,428.95,429,427,12.95,4,4,0,0,1
11/13/2025 6:00,13/11 06:00,428.96,429,427,10.68,6.45,4,2.45,0,1
11/13/2025 7:00,13/11 07:00,428.95,429,427,11.79,17.65,4,13.65,0,1
11/13/2025 8:00,13/11 08:00,428.96,429,427,12.61,4,4,0,0,1
11/13/2025 9:00,13/11 09:00,428.96,429,427,10.47,4,4,0,0,1
11/13/2025 10:00,13/11 10:00,428.97,429,427,12.34,4,4,0,0,1
11/13/2025 11:00,13/11 11:00,428.97,429,427,10.72,4,4,0,0,1
11/13/2025 12:00,13/11 12:00,428.98,429,427,12.61,4,4,0,0,1
11/13/2025 13:00,13/11 13:00,428.98,429,427,10.84,4,4,0,0,1
11/13/2025 14:00,13/11 14:00,428.98,429,427,8.67,4,4,0,0,1
11/13/2025 15:00,13/11 15:00,428.98,429,427,9.6,9.6,4,5.6,0,1
11/13/2025 16:00,13/11 16:00,428.97,429,427,10.99,21.6,4,17.6,0,1
11/13/2025 17:00,13/11 17:00,428.94,429,427,12.56,52,4,48,0,1
11/13/2025 18:00,13/11 18:00,428.91,429,427,14.27,52,4,48,0,1
11/13/2025 19:00,13/11 19:00,428.88,429,427,15.17,52,4,48,0,1
11/13/2025 20:00,13/11 20:00,428.86,429,427,18.45,52,4,48,0,1
11/13/2025 21:00,13/11 21:00,428.83,429,427,21.39,52,4,48,0,1
11/13/2025 22:00,13/11 22:00,428.81,429,427,28.12,52,4,48,0,1
11/13/2025 23:00,13/11 23:00,428.83,429,427,50.78,20,4,16,0,1
11/14/2025 0:00,14/11 00:00,428.88,429,427,47.33,4,4,0,0,1
11/14/2025 1:00,14/11 01:00,428.93,429,427,44.21,4,4,0,0,1
11/14/2025 2:00,14/11 02:00,428.94,429,427,19.45,4,4,0,0,1
11/14/2025 3:00,14/11 03:00,428.94,429,427,10.69,4,4,0,0,1
11/14/2025 4:00,14/11 04:00,428.95,429,427,9.78,4,4,0,0,1
11/14/2025 5:00,14/11 05:00,428.95,429,427,8.54,4,4,0,0,1
11/14/2025 6:00,14/11 06:00,428.96,429,427,8.79,4,4,0,0,1
11/14/2025 7:00,14/11 07:00,428.96,429,427,7.62,4,4,0,0,1
11/14/2025 8:00,14/11 08:00,428.97,429,427,9.71,4,4,0,0,1
11/14/2025 9:00,14/11 09:00,428.97,429,427,7.84,4,4,0,0,1
11/14/2025 10:00,14/11 10:00,428.98,429,427,10.61,4,4,0,0,1
11/14/2025 11:00,14/11 11:00,428.98,429,427,9.87,4,4,0,0,1
11/14/2025 12:00,14/11 12:00,428.99,429,427,12.61,4,4,0,0,1
11/14/2025 13:00,14/11 13:00,428.99,429,427,14.84,4,4,0,0,1
11/14/2025 14:00,14/11 14:00,429,429,427,18.56,4,4,0,0,1
11/14/2025 15:00,14/11 15:00,429,429,427,15.38,10,10,0,0,1
11/14/2025 16:00,14/11 16:00,428.99,429,427,37.94,47.94,10,37.94,0,1
11/14/2025 17:00,14/11 17:00,428.99,429,427,56.82,58,10,48,0,1
11/14/2025 18:00,14/11 18:00,428.99,429,427,59.17,58,10,48,0,1
11/14/2025 19:00,14/11 19:00,428.99,429,427,58.64,58,10,48,0,1
11/14/2025 20:00,14/11 20:00,428.98,429,427,50.39,58,10,48,0,1
11/14/2025 21:00,14/11 21:00,428.98,429,427,55.78,58,10,48,0,1
11/14/2025 22:00,14/11 22:00,428.98,429,427,61.83,58,10,48,0,1
11/14/2025 23:00,14/11 23:00,428.99,429,427,69.12,58,10,48,0,1
11/15/2025 0:00,15/11 00:00,428.99,429,427,64.29,52.4,10,42.4,0,1
11/15/2025 1:00,15/11 01:00,428.99,429,427,61.67,57.65,10,47.65,0,1
11/15/2025 2:00,15/11 02:00,428.99,429,427,59.35,58,10,48,0,1
11/15/2025 3:00,15/11 03:00,428.98,429,427,53.14,58,10,48,0,1
11/15/2025 4:00,15/11 04:00,428.98,429,427,56.73,58,10,48,0,1
11/15/2025 5:00,15/11 05:00,428.98,429,427,58.17,58,10,48,0,1
11/15/2025 6:00,15/11 06:00,428.98,429,427,58.64,58,10,48,0,1
11/15/2025 7:00,15/11 07:00,428.98,429,427,58.89,58,10,48,0,1
11/15/2025 8:00,15/11 08:00,428.97,429,427,50.72,58,10,48,0,1
11/15/2025 9:00,15/11 09:00,428.97,429,427,55.63,53.4,10,43.4,0,1
11/15/2025 10:00,15/11 10:00,428.96,429,427,44.89,50.5,10,40.5,0,1
11/15/2025 11:00,15/11 11:00,428.96,429,427,48.75,50.5,10,40.5,0,1
11/15/2025 12:00,15/11 12:00,428.96,429,427,40.62,37.17,10,27.17,0,1
11/15/2025 13:00,15/11 13:00,428.95,429,427,41.89,50.5,10,40.5,0,1
11/15/2025 14:00,15/11 14:00,428.95,429,427,48.77,51.75,10,41.75,0,1
11/15/2025 15:00,15/11 15:00,428.95,429,427,55.96,57,10,47,0,1
11/15/2025 16:00,15/11 16:00,428.94,429,427,51.37,58,10,48,0,1
11/15/2025 17:00,15/11 17:00,428.94,429,427,57.49,58,10,48,0,1
11/15/2025 18:00,15/11 18:00,428.94,429,427,56.83,58,10,48,0,1
11/15/2025 19:00,15/11 19:00,428.91,429,427,35.72,58,10,48,0,1
11/15/2025 20:00,15/11 20:00,428.87,429,427,36.3,58,10,48,0,1
11/15/2025 21:00,15/11 21:00,428.83,429,427,42.26,58,10,48,0,1
11/15/2025 22:00,15/11 22:00,428.79,429,427,45.21,58,10,48,0,1
11/15/2025 23:00,15/11 22:00,428.79,429,427,45.21,58,10,48,0,1
11/16/2025 0:00,16/11 00:00,428.71,429,427,44.79,58,10,48,0,1
11/16/2025 1:00,16/11 01:00,428.67,429,427,43.16,58,10,48,0,1
11/16/2025 2:00,16/11 02:00,428.62,429,427,32.58,58,10,48,0,1
11/16/2025 3:00,16/11 03:00,428.56,429,427,21.89,58,10,48,0,1
11/16/2025 4:00,16/11 04:00,428.5,429,427,16.02,58,10,48,0,1
11/16/2025 5:00,16/11 05:00,428.44,429,427,16.7,58,10,48,0,1
11/16/2025 6:00,16/11 06:00,428.38,429,427,19.1,58,10,48,0,1
11/16/2025 7:00,16/11 07:00,428.33,429,427,22.24,58,10,48,0,1
11/16/2025 8:00,16/11 08:00,428.32,429,427,50.39,58,10,48,0,1
11/16/2025 9:00,16/11 09:00,428.34,429,427,76.28,58,10,48,0,1
11/16/2025 10:00,16/11 10:00,428.38,429,427,92.44,58,10,48,0,1
11/16/2025 11:00,16/11 11:00,428.43,429,427,105.56,58,10,48,0,1
11/16/2025 12:00,16/11 12:00,428.43,429,427,112.78,57.62,10,47.62,0,1
11/16/2025 13:00,16/11 13:00,428.43,429,427,118.94,92.14,50,42.14,0,1
11/16/2025 14:00,16/11 14:00,428.43,429,427,106.65,98,50,48,0,1
11/16/2025 15:00,16/11 15:00,428.43,429,427,122.38,118,70,48,0,2
11/16/2025 16:00,16/11 16:00,428.43,429,427,120.47,118,70,48,0,2
11/16/2025 17:00,16/11 17:00,428.45,429,427,135.22,118,70,48,0,2
11/16/2025 18:00,16/11 18:00,428.47,429,427,140.78,118,70,48,0,2
11/16/2025 19:00,16/11 19:00,428.5,429,427,146.25,118,70,48,0,2
11/16/2025 20:00,16/11 20:00,428.53,429,427,147.83,118,70,48,0,2
11/16/2025 21:00,16/11 21:00,428.56,429,427,148.59,118,70,48,0,2
11/16/2025 22:00,16/11 22:00,428.6,429,427,152.67,118,70,48,0,2
11/16/2025 23:00,16/11 22:00,428.6,429,427,152.67,118,70,48,0,2
11/17/2025 0:00,17/11 00:00,428.67,429,427,147.86,118,70,48,0,2
11/17/2025 1:00,17/11 01:00,428.7,429,427,142.63,116.8,70,46.8,0,2
11/17/2025 2:00,17/11 02:00,428.72,429,427,138.57,115.96,70,45.96,0,2
11/17/2025 3:00,17/11 03:00,428.75,429,427,141.29,117.94,70,47.94,0,2
11/17/2025 4:00,17/11 04:00,428.77,429,427,139.55,118,70,48,0,2
11/17/2025 5:00,17/11 05:00,428.8,429,427,142.83,118,70,48,0,2
11/17/2025 6:00,17/11 06:00,428.83,429,427,143.76,118,70,48,0,2
11/17/2025 7:00,17/11 07:00,428.85,429,427,138.95,118,70,48,0,2
11/17/2025 8:00,17/11 08:00,428.85,429,427,120.86,118,70,48,0,2
11/17/2025 9:00,17/11 09:00,428.85,429,427,119.41,118,70,48,0,2
11/17/2025 10:00,17/11 10:00,428.85,429,427,120.08,118,70,48,0,2
11/17/2025 11:00,17/11 11:00,428.85,429,427,118.79,118,70,48,0,2
11/17/2025 12:00,17/11 12:00,428.85,429,427,121.23,114.82,70,44.82,0,2
11/17/2025 13:00,17/11 13:00,428.85,429,427,118.83,110.68,70,40.68,0,2
11/17/2025 14:00,17/11 14:00,428.85,429,427,117.68,118,70,48,0,2
11/17/2025 15:00,17/11 15:00,428.85,429,427,121.73,118,70,48,0,2
11/17/2025 16:00,17/11 16:00,428.79,429,427,179.3,298,250,48,0,4
11/17/2025 17:00,17/11 17:00,428.75,429,427,224.77,298,250,48,0,4
11/17/2025 18:00,17/11 18:00,428.7,429,427,254.94,298,250,48,0,4
11/17/2025 19:00,17/11 19:00,428.66,429,427,263.56,298,250,48,0,4
11/17/2025 20:00,17/11 20:00,428.62,429,427,265.87,298,250,48,0,4
11/17/2025 21:00,17/11 21:00,428.59,429,427,274.53,298,250,48,0,4
11/17/2025 22:00,17/11 22:00,428.59,429,427,298.26,298,250,48,0,4
11/17/2025 23:00,17/11 22:00,428.59,429,427,298.26,298,250,48,0,4
11/18/2025 0:00,18/11 00:45,428.71,429,427,30.22,298,250,48,0,4
11/18/2025 1:00,18/11 01:45,428.72,429,427,311.69,298,250,48,0,4
11/18/2025 2:00,18/11 02:45,428.73,429,427,307.8,298,250,48,0,4
11/18/2025 3:00,18/11 03:45,428.75,429,427,316.29,298,250,48,0,4
11/18/2025 4:00,18/11 04:45,428.77,429,427,317.83,298,250,48,0,4
11/18/2025 5:00,18/11 05:45,428.77,429,427,397.49,298,250,48,0,4
11/18/2025 6:00,18/11 06:45,428.78,429,427,405.22,398,350,48,0,4
11/18/2025 7:00,18/11 07:45,428.78,429,427,402.7,398,350,48,0,4
11/18/2025 8:00,18/11 08:45,428.78,429,427,399.1,398,350,48,0,4
11/18/2025 9:00,18/11 09:45,428.8,429,427,443.97,394.16,350,44.16,0,4
11/18/2025 10:00,18/11 10:45,428.82,429,427,502.39,390.95,350,40.95,0,4
11/18/2025 11:00,18/11 11:45,428.84,429,427,593.47,390.5,350,40.5,0,4
11/18/2025 12:00,18/11 12:45,428.85,429,427,596.8,590.5,550,40.5,0,4
11/18/2025 13:00,18/11 13:45,428.85,429,427,594.7,597.62,550,47.62,0,4
11/18/2025 14:00,18/11 14:45,428.88,429,427,610.2,598,550,48,0,4
11/18/2025 15:00,18/11 15:45,428.91,429,427,698.9,598,550,48,0,4
11/18/2025 16:00,18/11 16:45,428.91,429,427,696.1,698,650,48,0,4
11/18/2025 17:00,18/11 17:45,428.91,429,427,697.2,698,650,48,0,4
11/18/2025 18:00,18/11 18:45,428.91,429,427,698.7,698,650,48,0,4
11/18/2025 19:00,18/11 19:45,428.91,429,427,703.46,698,650,48,0,4
11/18/2025 20:00,18/11 20:45,428.88,429,427,671.99,698,650,48,0,4
11/18/2025 21:00,18/11 21:45,428.86,429,427,660.86,698,650,48,0,4
11/18/2025 22:00,18/11 22:45,428.84,429,427,670.4,698,650,48,0,4
11/18/2025 23:00,18/11 23:00,428.84,429,427,670.48,698,650,48,0,4
11/19/2025 0:00,19/11 00:45,428.8,429,427,680.87,698,650,48,0,4
11/19/2025 1:00,19/11 01:45,428.76,429,427,667.22,693.08,650,43.08,0,4
11/19/2025 2:00,19/11 02:45,428.74,429,427,673.42,690.5,650,40.5,0,4
11/19/2025 3:00,19/11 03:45,428.72,429,427,657.88,690.5,650,40.5,0,4
11/19/2025 4:00,19/11 04:45,428.72,429,427,643.68,641.4,600,41.4,0,4
11/19/2025 5:00,19/11 05:45,428.73,429,427,654.81,640.95,600,40.95,0,4
11/19/2025 6:00,19/11 06:45,428.73,429,427,648.63,648,600,48,0,4
11/19/2025 7:00,19/11 07:45,428.74,429,427,650.5,648,600,48,0,4
11/19/2025 8:00,19/11 08:45,428.74,429,427,652.1,648,600,48,0,4
11/19/2025 9:00,19/11 09:45,428.75,429,427,652,648,600,48,0,4
11/19/2025 10:00,19/11 10:45,428.76,429,427,653.3,648,600,48,0,4
11/19/2025 11:00,19/11 11:45,428.78,429,427,667.9,642.6,600,42.6,0,4
11/19/2025 12:00,19/11 12:45,428.82,429,427,740.8,641.1,600,41.1,0,4
11/19/2025 13:00,19/11 13:45,428.83,429,427,749.37,748,700,48,0,4
11/19/2025 14:00,19/11 14:45,428.86,429,427,761.48,748,700,48,0,4
11/19/2025 15:00,19/11 15:45,428.88,429,427,762.32,748,700,48,0,4
11/19/2025 16:00,19/11 16:45,428.9,429,427,766.2,748,700,48,0,4
11/19/2025 17:00,19/11 17:45,428.92,429,427,763.8,748,700,48,0,4
11/19/2025 18:00,19/11 18:45,428.94,429,427,765.5,748,700,48,0,4
11/19/2025 19:00,19/11 19:45,428.94,429,427,658.69,748,700,48,0,4
11/19/2025 20:00,19/11 20:45,428.95,429,427,556.48,648,600,48,0,4
11/19/2025 21:00,19/11 21:45,428.96,429,427,508.59,500,500,0,0,4
11/19/2025 22:00,19/11 22:45,428.97,429,427,510.32,500,500,0,0,4
11/19/2025 23:00,19/11 23:00,428.97,429,427,510.32,500,500,0,0,4
11/20/2025 0:00,20/11 00:45,428.97,429,427,506.79,500,500,0,0,4
11/20/2025 1:00,20/11 01:45,428.97,429,427,502.5,500,500,0,0,4
11/20/2025 2:00,20/11 02:45,428.97,429,427,412.48,500,500,0,0,4
11/20/2025 3:00,20/11 03:45,428.97,429,427,410.62,400,400,0,0,4
11/20/2025 4:00,20/11 04:45,428.97,429,427,406.24,400,400,0,0,4
11/20/2025 5:00,20/11 05:45,428.97,429,427,328.29,400,400,0,0,4
11/20/2025 6:00,20/11 06:45,428.98,429,427,312.38,300,300,0,0,4
11/20/2025 7:00,20/11 07:45,428.98,429,427,333.5,348,300,48,0,4
11/20/2025 8:00,20/11 08:45,428.97,429,427,342.6,348,300,48,0,4
11/20/2025 9:00,20/11 09:45,428.97,429,427,346.9,348,300,48,0,4
11/20/2025 10:00,20/11 10:45,428.97,429,427,342.54,340.5,300,40.5,0,4
11/20/2025 11:00,20/11 11:45,428.97,429,427,342.1,340.5,300,40.5,0,4
11/20/2025 12:00,20/11 12:45,428.97,429,427,341.3,340.5,300,40.5,0,4
11/20/2025 13:00,20/11 13:45,428.97,429,427,342.9,341.4,300,41.4,0,4
11/20/2025 14:00,20/11 14:45,428.97,429,427,347.32,347.1,300,47.1,0,4
11/20/2025 15:00,20/11 15:45,428.97,429,427,348.72,348,300,48,0,4
11/20/2025 16:00,20/11 16:45,428.97,429,427,347.98,348,300,48,0,4
11/20/2025 17:00,20/11 17:45,428.97,429,427,348.04,348,300,48,0,4
11/20/2025 18:00,20/11 18:45,428.97,429,427,348.25,348,300,48,0,4
11/20/2025 19:00,20/11 19:45,428.97,429,427,348.04,348,300,48,0,4
11/20/2025 20:00,20/11 20:45,428.94,429,427,316.84,348,300,48,0,4
11/20/2025 21:00,20/11 21:45,428.97,429,427,195.5,198,150,48,0,3
11/20/2025 22:00,20/11 22:45,428.97,429,427,192.02,190.5,150,40.5,0,3
11/20/2025 23:00,20/11 23:00,428.97,429,427,192.67,190.5,150,40.5,0,3
11/21/2025 0:00,21/11 00:45,428.97,429,427,177.5,171,150,21,0,3
11/21/2025 1:00,21/11 01:45,428.97,429,427,193.4,190.5,150,40.5,0,3
11/21/2025 2:00,21/11 02:45,428.97,429,427,183.8,171,150,21,0,3
11/21/2025 3:00,21/11 03:45,428.97,429,427,183.1,185.3,150,35.3,0,3
11/21/2025 4:00,21/11 04:45,428.97,429,427,194.1,190.5,150,40.5,0,3
11/21/2025 5:00,21/11 05:45,428.97,429,427,191.9,191.44,150,41.44,0,3
11/21/2025 6:00,21/11 06:45,428.97,429,427,196.2,196.2,150,46.2,0,3
11/21/2025 7:00,21/11 07:45,428.97,429,427,197.67,196.2,150,46.2,0,3
11/21/2025 8:00,21/11 08:45,428.97,429,427,198.09,198,150,48,0,3
11/21/2025 9:00,21/11 09:45,428.97,429,427,192.12,192,150,42,0,3
11/21/2025 10:00,21/11 10:45,428.97,429,427,192.07,192,150,42,0,3
11/21/2025 11:00,21/11 11:45,428.97,429,427,172.32,171,150,21,0,3
11/21/2025 12:00,21/11 12:45,428.98,429,427,171.23,171,150,21,0,3
11/21/2025 13:00,21/11 13:45,428.99,429,427,202.96,194.3,150,44.3,0,3
11/21/2025 14:00,21/11 14:45,428.99,429,427,198.03,198,150,48,0,3
11/21/2025 15:00,21/11 15:45,428.98,429,427,199.39,198,150,48,0,3
11/21/2025 16:00,21/11 16:45,428.98,429,427,198.12,198,150,48,0,3
11/21/2025 17:00,21/11 17:45,428.98,429,427,198.26,198,150,48,0,3
11/21/2025 18:00,21/11 18:45,428.98,429,427,198.08,198,150,48,0,3
11/21/2025 19:00,21/11 19:00,428.98,429,427,198.04,198,150,48,0,3
11/21/2025 20:00,21/11 20:00,428.98,429,427,198.1,198,150,48,0,3
11/21/2025 21:00,21/11 21:00,428.98,429,427,198.17,198,150,48,0,3
11/21/2025 22:00,21/11 22:00,428.98,429,427,198.3,198,150,48,0,3
11/21/2025 23:00,21/11 23:00,428.98,429,427,198.2,196.64,150,46.64,0,3
11/22/2025 0:00,22/11 00:00,428.98,429,427,199.05,191.1,150,41.1,0,3
11/22/2025 1:00,22/11 01:00,428.98,429,427,192.5,191.1,150,41.1,0,3
11/22/2025 2:00,22/11 02:00,428.98,429,427,191.68,191.1,150,41.1,0,3
11/22/2025 3:00,22/11 03:00,428.98,429,427,191.2,191.1,150,41.1,0,3
11/22/2025 4:00,22/11 04:00,428.98,429,427,191.1,191.1,150,41.1,0,3
11/22/2025 5:00,22/11 05:00,428.98,429,427,191.39,191.1,150,41.1,0,3
11/22/2025 6:00,22/11 06:00,428.98,429,427,195.7,195.01,150,45.01,0,3
11/22/2025 7:00,22/11 07:00,428.98,429,427,198,198,150,48,0,3
11/22/2025 8:00,22/11 08:00,428.98,429,427,198.09,198,150,48,0,3
11/22/2025 9:00,22/11 09:00,428.98,429,427,198.02,198,150,48,0,3
11/22/2025 10:00,22/11 10:00,428.98,429,427,198.23,198,150,48,0,3
11/22/2025 11:00,22/11 11:00,428.98,429,427,196.36,196.36,150,46.36,0,3
11/22/2025 12:00,22/11 12:00,428.98,429,427,192.6,191.6,150,41.6,0,3
11/22/2025 13:00,22/11 13:00,428.98,429,427,192.82,192.82,150,42.82,0,3
11/22/2025 14:00,22/11 14:00,428.98,429,427,197.96,197.96,150,47.96,0,3
11/22/2025 15:00,22/11 15:00,428.98,429,427,198.35,198,150,48,0,3
11/22/2025 16:00,22/11 16:00,428.98,429,427,198.24,198,150,48,0,3
11/22/2025 17:00,22/11 17:00,428.98,429,427,198.37,198,150,48,0,3
11/22/2025 18:00,22/11 18:00,428.98,429,427,198.55,198,150,48,0,3
11/22/2025 19:00,22/11 19:00,428.98,429,427,198.46,198,150,48,0,3
11/22/2025 20:00,22/11 20:00,428.98,429,427,198.29,198,150,48,0,3
11/22/2025 21:00,22/11 21:00,428.98,429,427,198.57,198,150,48,0,3
11/22/2025 22:00,22/11 22:00,428.98,429,427,198.12,198,150,48,0,3
11/22/2025 23:00,22/11 23:00,428.98,429,427,198.06,198,150,48,0,3
