DateTime_Full,Htl,Hdbt,Hc,Qve,ΣQx,Qxt,Qxm,Ncxs,Ncxm
10/1/2025 0:00,599.97,605,565,61,61,27,34,0,1
10/1/2025 1:00,599.97,605,565,61,61,27,34,0,1
10/1/2025 2:00,599.97,605,565,61,61,27,34,0,1
10/1/2025 3:00,599.97,605,565,61,61,27,34,0,1
10/1/2025 4:00,599.97,605,565,61,61,27,34,0,1
10/1/2025 5:00,599.97,605,565,61,61,27,34,0,1
10/1/2025 6:00,599.98,605,565,67.65,61,27,34,0,1
10/1/2025 7:00,599.98,605,565,61,61,27,34,0,1
10/1/2025 8:00,599.97,605,565,54.35,61,27,34,0,1
10/1/2025 9:00,599.96,605,565,54.35,61,27,34,0,1
10/1/2025 10:00,599.96,605,565,61,61,27,34,0,1
10/1/2025 11:00,599.96,605,565,61,61,27,34,0,1
10/1/2025 12:00,599.96,605,565,61,61,27,34,0,1
10/1/2025 13:00,599.96,605,565,61,61,27,34,0,1
10/1/2025 14:00,599.96,605,565,61,61,27,34,0,1
10/1/2025 15:00,599.96,605,565,61,61,27,34,0,1
10/1/2025 16:00,599.96,605,565,61,61,27,34,0,1
10/1/2025 17:00,599.96,605,565,61,61,27,34,0,1
10/1/2025 18:00,599.96,605,565,61,61,27,34,0,1
10/1/2025 19:00,599.96,605,565,61,61,27,34,0,1
10/1/2025 20:00,599.96,605,565,61,61,27,34,0,1
10/1/2025 21:00,599.96,605,565,61,61,27,34,0,1
10/1/2025 22:00,599.96,605,565,61,61,27,34,0,1
10/1/2025 23:00,599.96,605,565,61,61,27,34,0,1
10/2/2025 0:00,599.96,605,565,61,61,27,34,0,1
10/2/2025 1:00,599.96,605,565,61,61,27,34,0,1
10/2/2025 2:00,599.96,605,565,61,61,27,34,0,1
10/2/2025 3:00,599.96,605,565,61,61,27,34,0,1
10/2/2025 4:00,599.96,605,565,61,61,27,34,0,1
10/2/2025 5:00,599.96,605,565,61,61,27,34,0,1
10/2/2025 6:00,599.97,605,565,67.65,61,27,34,0,1
10/2/2025 7:00,599.97,605,565,61,61,27,34,0,1
10/2/2025 8:00,599.97,605,565,61,61,27,34,0,1
10/2/2025 9:00,599.97,605,565,61,61,27,34,0,1
10/2/2025 10:00,599.97,605,565,61,61,27,34,0,1
10/2/2025 11:00,599.97,605,565,61,61,27,34,0,1
10/2/2025 12:00,599.98,605,565,67.65,61,27,34,0,1
10/2/2025 13:00,599.99,605,565,67.65,61,27,34,0,1
10/2/2025 14:00,600,605,565,67.65,61,27,34,0,1
10/2/2025 15:00,600,605,565,61,61,27,34,0,1
10/2/2025 16:00,600,605,565,61,61,27,34,0,1
10/2/2025 17:00,600,605,565,61,61,27,34,0,1
10/2/2025 18:00,600,605,565,61,61,27,34,0,1
10/2/2025 19:00,600,605,565,61,61,27,34,0,1
10/2/2025 20:00,600,605,565,61,61,27,34,0,1
10/2/2025 21:00,600,605,565,61,61,27,34,0,1
10/2/2025 22:00,600,605,565,61,61,27,34,0,1
10/2/2025 23:00,600,605,565,61,61,27,34,0,1
10/3/2025 0:00,600,605,565,61,61,27,34,0,1
10/3/2025 1:00,600,605,565,61,61,27,34,0,1
10/3/2025 2:00,600,605,565,61,61,27,34,0,1
10/3/2025 3:00,600,605,565,61,61,27,34,0,1
10/3/2025 4:00,600,605,565,61,61,27,34,0,1
10/3/2025 5:00,600,605,565,61,61,27,34,0,1
10/3/2025 6:00,600,605,565,61,61,27,34,0,1
10/3/2025 7:00,599.99,605,565,54.35,61,27,34,0,1
10/3/2025 8:00,599.99,605,565,61,61,27,34,0,1
10/3/2025 9:00,599.99,605,565,61,61,27,34,0,1
10/3/2025 10:00,599.98,605,565,54.35,61,27,34,0,1
10/3/2025 11:00,599.98,605,565,61,61,27,34,0,1
10/3/2025 12:00,599.98,605,565,61,61,27,34,0,1
10/3/2025 13:00,599.98,605,565,61,61,27,34,0,1
10/3/2025 14:00,599.98,605,565,61,61,27,34,0,1
10/3/2025 15:00,599.98,605,565,61,61,27,34,0,1
10/3/2025 16:00,599.98,605,565,61,61,27,34,0,1
10/3/2025 17:00,599.97,605,565,54.35,61,27,34,0,1
10/3/2025 18:00,599.97,605,565,61,61,27,34,0,1
10/3/2025 19:00,599.97,605,565,61,61,27,34,0,1
10/3/2025 20:00,599.97,605,565,61,61,27,34,0,1
10/3/2025 21:00,599.98,605,565,67.65,61,27,34,0,1
10/3/2025 22:00,599.98,605,565,61,61,27,34,0,1
10/3/2025 23:00,599.98,605,565,61,61,27,34,0,1
10/4/2025 0:00,599.98,605,565,61,61,27,34,0,1
10/4/2025 1:00,599.98,605,565,61,61,27,34,0,1
10/4/2025 2:00,599.98,605,565,61,61,27,34,0,1
10/4/2025 3:00,599.98,605,565,61,61,27,34,0,1
10/4/2025 4:00,599.98,605,565,61,61,27,34,0,1
10/4/2025 5:00,599.98,605,565,61,61,27,34,0,1
10/4/2025 6:00,599.98,605,565,61,61,27,34,0,1
10/4/2025 7:00,599.97,605,565,54.35,61,27,34,0,1
10/4/2025 8:00,599.97,605,565,61,61,27,34,0,1
10/4/2025 9:00,599.97,605,565,61,61,27,34,0,1
10/4/2025 10:00,599.98,605,565,50.65,44,10,34,0,1
10/4/2025 11:00,599.98,605,565,44,44,10,34,0,1
10/4/2025 12:00,599.97,605,565,37.35,44,10,34,0,1
10/4/2025 13:00,599.97,605,565,44,44,10,34,0,1
10/4/2025 14:00,599.97,605,565,44,44,10,34,0,1
10/4/2025 15:00,599.98,605,565,50.65,44,10,34,0,1
10/4/2025 16:00,599.98,605,565,44,44,10,34,0,1
10/4/2025 17:00,599.98,605,565,44,44,10,34,0,1
10/4/2025 18:00,599.98,605,565,44,44,10,34,0,1
10/4/2025 19:00,599.98,605,565,44,44,10,34,0,1
10/4/2025 20:00,599.98,605,565,44,44,10,34,0,1
10/4/2025 21:00,599.98,605,565,44,44,10,34,0,1
10/4/2025 22:00,599.99,605,565,50.65,44,10,34,0,1
10/4/2025 23:00,599.99,605,565,44,44,10,34,0,1
10/5/2025 0:00,599.99,605,565,44,44,10,34,0,1
10/5/2025 1:00,599.99,605,565,44,44,10,34,0,1
10/5/2025 2:00,599.98,605,565,32.36,39.01,10,29.01,0,1
10/5/2025 3:00,599.98,605,565,27.61,24.28,10,14.28,0,1
10/5/2025 4:00,599.99,605,565,27.61,24.28,10,14.28,0,1
10/5/2025 5:00,600,605,565,27.61,24.28,10,14.28,0,1
10/5/2025 6:00,599.99,605,565,20.95,24.28,10,14.28,0,1
10/5/2025 7:00,599.99,605,565,24.28,24.28,10,14.28,0,1
10/5/2025 8:00,599.99,605,565,24.28,24.28,10,14.28,0,1
10/5/2025 9:00,599.99,605,565,24.28,24.28,10,14.28,0,1
10/5/2025 10:00,599.99,605,565,29.52,29.52,10,19.52,0,1
10/5/2025 11:00,599.97,605,565,25.25,38.56,10,28.56,0,1
10/5/2025 12:00,599.96,605,565,31.91,38.56,10,28.56,0,1
10/5/2025 13:00,599.96,605,565,38.56,38.56,10,28.56,0,1
10/5/2025 14:00,599.97,605,565,45.21,38.56,10,28.56,0,1
10/5/2025 15:00,599.98,605,565,45.44,38.79,10,28.79,0,1
10/5/2025 16:00,599.98,605,565,41.55,41.55,10,31.55,0,1
10/5/2025 17:00,599.98,605,565,44,44,10,34,0,1
10/5/2025 18:00,599.98,605,565,44,44,10,34,0,1
10/5/2025 19:00,599.98,605,565,44,44,10,34,0,1
10/5/2025 20:00,599.98,605,565,44,44,10,34,0,1
10/5/2025 21:00,599.98,605,565,44,44,10,34,0,1
10/5/2025 22:00,599.98,605,565,44,44,10,34,0,1
10/5/2025 23:00,599.98,605,565,44,44,10,34,0,1
10/6/2025 0:00,599.98,605,565,44,44,10,34,0,1
10/6/2025 1:00,599.99,605,565,50.65,44,10,34,0,1
10/6/2025 2:00,600,605,565,50.65,44,10,34,0,1
10/6/2025 3:00,600,605,565,44,44,10,34,0,1
10/6/2025 4:00,600,605,565,44,44,10,34,0,1
10/6/2025 5:00,600,605,565,44,44,10,34,0,1
10/6/2025 6:00,600,605,565,44,44,10,34,0,1
10/6/2025 7:00,600,605,565,44,44,10,34,0,1
10/6/2025 8:00,600,605,565,44,44,10,34,0,1
10/6/2025 9:00,600,605,565,44,44,10,34,0,1
10/6/2025 10:00,600,605,565,44,44,10,34,0,1
10/6/2025 11:00,600,605,565,44,44,10,34,0,1
10/6/2025 12:00,600,605,565,44,44,10,34,0,1
10/6/2025 13:00,600,605,565,44,44,10,34,0,1
10/6/2025 14:00,600,605,565,44,44,10,34,0,1
10/6/2025 15:00,600,605,565,44,44,10,34,0,1
10/6/2025 16:00,600,605,565,44,44,10,34,0,1
10/6/2025 17:00,600,605,565,44,44,10,34,0,1
10/6/2025 18:00,600,605,565,44,44,10,34,0,1
10/6/2025 19:00,600,605,565,44,44,10,34,0,1
10/6/2025 20:00,600,605,565,44,44,10,34,0,1
10/6/2025 21:00,600,605,565,44,44,10,34,0,1
10/6/2025 22:00,600,605,565,44,44,10,34,0,1
10/6/2025 23:00,600,605,565,44,44,10,34,0,1
10/7/2025 0:00,600,605,565,40.64,40.64,10,30.64,0,1
10/7/2025 1:00,600,605,565,38.56,38.56,10,28.56,0,1
10/7/2025 2:00,600,605,565,38.56,38.56,10,28.56,0,1
10/7/2025 3:00,600,605,565,38.56,38.56,10,28.56,0,1
10/7/2025 4:00,600,605,565,38.56,38.56,10,28.56,0,1
10/7/2025 5:00,600,605,565,38.56,38.56,10,28.56,0,1
10/7/2025 6:00,600,605,565,38.56,38.56,10,28.56,0,1
10/7/2025 7:00,600,605,565,41.01,41.01,10,31.01,0,1
10/7/2025 8:00,600,605,565,41.69,41.69,10,31.69,0,1
10/7/2025 9:00,599.99,605,565,37.35,44,10,34,0,1
10/7/2025 10:00,599.99,605,565,44,44,10,34,0,1
10/7/2025 11:00,599.99,605,565,44,44,10,34,0,1
10/7/2025 12:00,599.99,605,565,44,44,10,34,0,1
10/7/2025 13:00,599.99,605,565,44,44,10,34,0,1
10/7/2025 14:00,599.99,605,565,44,44,10,34,0,1
10/7/2025 15:00,599.99,605,565,44,44,10,34,0,1
10/7/2025 16:00,599.99,605,565,44,44,10,34,0,1
10/7/2025 17:00,599.99,605,565,44,44,10,34,0,1
10/7/2025 18:00,600,605,565,50.65,44,10,34,0,1
10/7/2025 19:00,600,605,565,44,44,10,34,0,1
10/7/2025 20:00,600,605,565,44,44,10,34,0,1
10/7/2025 21:00,600,605,565,44,44,10,34,0,1
10/7/2025 22:00,600,605,565,44,44,10,34,0,1
10/7/2025 23:00,600,605,565,44,44,10,34,0,1
10/8/2025 0:00,600,605,565,44,44,10,34,0,1
10/8/2025 1:00,600,605,565,39.56,39.56,10,29.56,0,1
10/8/2025 2:00,600,605,565,38.56,38.56,10,28.56,0,1
10/8/2025 3:00,600,605,565,31.89,31.89,10,21.89,0,1
10/8/2025 4:00,600,605,565,24.28,24.28,10,14.28,0,1
10/8/2025 5:00,600.01,605,565,31.75,24.28,10,14.28,0,1
10/8/2025 6:00,600.02,605,565,31.75,24.28,10,14.28,0,1
10/8/2025 7:00,600.03,605,565,31.75,24.28,10,14.28,0,1
10/8/2025 8:00,600.03,605,565,40.24,40.24,10,30.24,0,1
10/8/2025 9:00,600.02,605,565,36.53,44,10,34,0,1
10/8/2025 10:00,600.01,605,565,36.53,44,10,34,0,1
10/8/2025 11:00,600,605,565,36.53,44,10,34,0,1
10/8/2025 12:00,599.99,605,565,37.35,44,10,34,0,1
10/8/2025 13:00,599.99,605,565,44,44,10,34,0,1
10/8/2025 14:00,599.99,605,565,44,44,10,34,0,1
10/8/2025 15:00,599.99,605,565,44,44,10,34,0,1
10/8/2025 16:00,599.99,605,565,44,44,10,34,0,1
10/8/2025 17:00,599.99,605,565,44,44,10,34,0,1
10/8/2025 18:00,599.99,605,565,44,44,10,34,0,1
10/8/2025 19:00,599.99,605,565,44,44,10,34,0,1
10/8/2025 20:00,599.99,605,565,44,44,10,34,0,1
10/8/2025 21:00,599.99,605,565,44,44,10,34,0,1
10/8/2025 22:00,599.99,605,565,44,44,10,34,0,1
10/8/2025 23:00,599.99,605,565,44,44,10,34,0,1
10/9/2025 0:00,599.99,605,565,44,44,10,34,0,1
10/9/2025 1:00,599.99,605,565,44,44,10,34,0,1
10/9/2025 2:00,599.99,605,565,44,44,10,34,0,1
10/9/2025 3:00,599.99,605,565,44,44,10,34,0,1
10/9/2025 4:00,599.99,605,565,44,44,10,34,0,1
10/9/2025 5:00,599.99,605,565,44,44,10,34,0,1
10/9/2025 6:00,599.99,605,565,44,44,10,34,0,1
10/9/2025 7:00,599.99,605,565,44,44,10,34,0,1
10/9/2025 8:00,599.99,605,565,44,44,10,34,0,1
10/9/2025 9:00,599.98,605,565,37.35,44,10,34,0,1
10/9/2025 10:00,599.97,605,565,37.35,44,10,34,0,1
10/9/2025 11:00,599.96,605,565,37.35,44,10,34,0,1
10/9/2025 12:00,599.95,605,565,37.35,44,10,34,0,1
10/9/2025 13:00,599.94,605,565,37.35,44,10,34,0,1
10/9/2025 14:00,599.93,605,565,37.35,44,10,34,0,1
10/9/2025 15:00,599.92,605,565,37.35,44,10,34,0,1
10/9/2025 16:00,599.91,605,565,37.35,44,10,34,0,1
10/9/2025 17:00,599.91,605,565,44,44,10,34,0,1
10/9/2025 18:00,599.91,605,565,44,44,10,34,0,1
10/9/2025 19:00,599.91,605,565,44,44,10,34,0,1
10/9/2025 20:00,599.89,605,565,30.69,44,10,34,0,1
10/9/2025 21:00,599.88,605,565,37.35,44,10,34,0,1
10/9/2025 22:00,599.87,605,565,37.35,44,10,34,0,1
10/9/2025 23:00,599.86,605,565,37.35,44,10,34,0,1
10/10/2025 0:00,599.85,605,565,37.35,44,10,34,0,1
10/10/2025 1:00,599.83,605,565,30.69,44,10,34,0,1
10/10/2025 2:00,599.81,605,565,30.69,44,10,34,0,1
10/10/2025 3:00,599.79,605,565,30.69,44,10,34,0,1
10/10/2025 4:00,599.78,605,565,37.35,44,10,34,0,1
10/10/2025 5:00,599.77,605,565,37.35,44,10,34,0,1
10/10/2025 6:00,599.76,605,565,37.35,44,10,34,0,1
10/10/2025 7:00,599.74,605,565,30.69,44,10,34,0,1
10/10/2025 8:00,599.72,605,565,30.69,44,10,34,0,1
10/10/2025 9:00,599.71,605,565,37.35,44,10,34,0,1
10/10/2025 10:00,599.7,605,565,37.35,44,10,34,0,1
10/10/2025 11:00,599.68,605,565,30.69,44,10,34,0,1
10/10/2025 12:00,599.67,605,565,37.35,44,10,34,0,1
10/10/2025 13:00,599.66,605,565,37.35,44,10,34,0,1
10/10/2025 14:00,599.65,605,565,37.35,44,10,34,0,1
10/10/2025 15:00,599.63,605,565,30.69,44,10,34,0,1
10/10/2025 16:00,599.62,605,565,37.35,44,10,34,0,1
10/10/2025 17:00,599.61,605,565,37.35,44,10,34,0,1
10/10/2025 18:00,599.61,605,565,44,44,10,34,0,1
10/10/2025 19:00,599.61,605,565,44,44,10,34,0,1
10/10/2025 20:00,599.6,605,565,37.35,44,10,34,0,1
10/10/2025 21:00,599.59,605,565,37.35,44,10,34,0,1
10/10/2025 22:00,599.58,605,565,37.35,44,10,34,0,1
10/10/2025 23:00,599.56,605,565,30.69,44,10,34,0,1
10/11/2025 0:00,599.56,605,565,44,44,10,34,0,1
10/11/2025 1:00,599.55,605,565,37.35,44,10,34,0,1
10/11/2025 2:00,599.53,605,565,30.69,44,10,34,0,1
10/11/2025 3:00,599.51,605,565,30.69,44,10,34,0,1
10/11/2025 4:00,599.5,605,565,37.35,44,10,34,0,1
10/11/2025 5:00,599.49,605,565,37.35,44,10,34,0,1
10/11/2025 6:00,599.48,605,565,37.35,44,10,34,0,1
10/11/2025 7:00,599.47,605,565,37.35,44,10,34,0,1
10/11/2025 8:00,599.45,605,565,30.69,44,10,34,0,1
10/11/2025 9:00,599.44,605,565,29.98,36.63,10,26.63,0,1
10/11/2025 10:00,599.44,605,565,27,27,10,17,0,1
10/11/2025 11:00,599.45,605,565,33.65,27,10,17,0,1
10/11/2025 12:00,599.46,605,565,33.65,27,10,17,0,1
10/11/2025 13:00,599.47,605,565,33.65,27,10,17,0,1
10/11/2025 14:00,599.48,605,565,33.65,27,10,17,0,1
10/11/2025 15:00,599.47,605,565,28.28,34.93,10,24.93,0,1
10/11/2025 16:00,599.45,605,565,30.69,44,10,34,0,1
10/11/2025 17:00,599.43,605,565,30.69,44,10,34,0,1
10/11/2025 18:00,599.41,605,565,30.69,44,10,34,0,1
10/11/2025 19:00,599.39,605,565,30.69,44,10,34,0,1
10/11/2025 20:00,599.38,605,565,37.35,44,10,34,0,1
10/11/2025 21:00,599.36,605,565,30.69,44,10,34,0,1
10/11/2025 22:00,599.33,605,565,24.04,44,10,34,0,1
10/11/2025 23:00,599.31,605,565,30.69,44,10,34,0,1
10/12/2025 0:00,599.3,605,565,37.35,44,10,34,0,1
10/12/2025 1:00,599.29,605,565,37.35,44,10,34,0,1
10/12/2025 2:00,599.28,605,565,37.35,44,10,34,0,1
10/12/2025 3:00,599.26,605,565,30.69,44,10,34,0,1
10/12/2025 4:00,599.24,605,565,30.69,44,10,34,0,1
10/12/2025 5:00,599.22,605,565,30.69,44,10,34,0,1
10/12/2025 6:00,599.2,605,565,30.69,44,10,34,0,1
10/12/2025 7:00,599.19,605,565,37.35,44,10,34,0,1
10/12/2025 8:00,599.17,605,565,30.69,44,10,34,0,1
10/12/2025 9:00,599.15,605,565,30.69,44,10,34,0,1
10/12/2025 10:00,599.13,605,565,30.69,44,10,34,0,1
10/12/2025 11:00,599.12,605,565,37.35,44,10,34,0,1
10/12/2025 12:00,599.1,605,565,30.69,44,10,34,0,1
10/12/2025 13:00,599.09,605,565,37.35,44,10,34,0,1
10/12/2025 14:00,599.07,605,565,30.69,44,10,34,0,1
10/12/2025 15:00,599.04,605,565,24.04,44,10,34,0,1
10/12/2025 16:00,599.01,605,565,24.04,44,10,34,0,1
10/12/2025 17:00,599.01,605,565,44,44,10,34,0,1
10/12/2025 18:00,599.01,605,565,44,44,10,34,0,1
10/12/2025 19:00,599,605,565,37.35,44,10,34,0,1
10/12/2025 20:00,599,605,565,44,44,10,34,0,1
10/12/2025 21:00,598.99,605,565,37.35,44,10,34,0,1
10/12/2025 22:00,598.98,605,565,37.35,44,10,34,0,1
10/12/2025 23:00,598.98,605,565,44,44,10,34,0,1
10/13/2025 0:00,598.98,605,565,44,44,10,34,0,1
10/13/2025 1:00,599,605,565,57.31,44,10,34,0,1
10/13/2025 2:00,599,605,565,44,44,10,34,0,1
10/13/2025 3:00,599,605,565,44,44,10,34,0,1
10/13/2025 4:00,599,605,565,44,44,10,34,0,1
10/13/2025 5:00,599,605,565,44,44,10,34,0,1
10/13/2025 6:00,598.99,605,565,37.35,44,10,34,0,1
10/13/2025 7:00,598.98,605,565,37.35,44,10,34,0,1
10/13/2025 8:00,598.97,605,565,37.35,44,10,34,0,1
10/13/2025 9:00,598.97,605,565,44,44,10,34,0,1
10/13/2025 10:00,598.97,605,565,44,44,10,34,0,1
10/13/2025 11:00,598.97,605,565,44,44,10,34,0,1
10/13/2025 12:00,598.97,605,565,44,44,10,34,0,1
10/13/2025 13:00,598.97,605,565,44,44,10,34,0,1
10/13/2025 14:00,598.97,605,565,44,44,10,34,0,1
10/13/2025 15:00,598.96,605,565,37.35,44,10,34,0,1
10/13/2025 16:00,598.96,605,565,44,44,10,34,0,1
10/13/2025 17:00,598.96,605,565,44,44,10,34,0,1
10/13/2025 18:00,598.96,605,565,44,44,10,34,0,1
10/13/2025 19:00,598.96,605,565,44,44,10,34,0,1
10/13/2025 20:00,598.96,605,565,44,44,10,34,0,1
10/13/2025 21:00,598.96,605,565,44,44,10,34,0,1
10/13/2025 22:00,598.96,605,565,44,44,10,34,0,1
10/13/2025 23:00,598.96,605,565,44,44,10,34,0,1
10/14/2025 0:00,598.95,605,565,37.35,44,10,34,0,1
10/14/2025 1:00,598.95,605,565,44,44,10,34,0,1
10/14/2025 2:00,598.97,605,565,57.31,44,10,34,0,1
10/14/2025 3:00,599,605,565,63.96,44,10,34,0,1
10/14/2025 4:00,599.04,605,565,70.61,44,10,34,0,1
10/14/2025 5:00,599.08,605,565,70.61,44,10,34,0,1
10/14/2025 6:00,599.12,605,565,70.61,44,10,34,0,1
10/14/2025 7:00,599.16,605,565,70.61,44,10,34,0,1
10/14/2025 8:00,599.2,605,565,70.61,44,10,34,0,1
10/14/2025 9:00,599.25,605,565,77.26,44,10,34,0,1
10/14/2025 10:00,599.3,605,565,77.26,44,10,34,0,1
10/14/2025 11:00,599.35,605,565,77.26,44,10,34,0,1
10/14/2025 12:00,599.4,605,565,77.26,44,10,34,0,1
10/14/2025 13:00,599.45,605,565,77.26,44,10,34,0,1
10/14/2025 14:00,599.5,605,565,77.26,44,10,34,0,1
10/14/2025 15:00,599.55,605,565,77.26,44,10,34,0,1
10/14/2025 16:00,599.56,605,565,50.65,44,10,34,0,1
10/14/2025 17:00,599.56,605,565,44,44,10,34,0,1
10/14/2025 18:00,599.56,605,565,44,44,10,34,0,1
10/14/2025 19:00,599.56,605,565,44,44,10,34,0,1
10/14/2025 20:00,599.56,605,565,44,44,10,34,0,1
10/14/2025 21:00,599.56,605,565,44,44,10,34,0,1
10/14/2025 22:00,599.56,605,565,44,44,10,34,0,1
10/14/2025 23:00,599.56,605,565,44,44,10,34,0,1
10/15/2025 0:00,599.55,605,565,37.35,44,10,34,0,1
10/15/2025 1:00,599.59,605,565,70.61,44,10,34,0,1
10/15/2025 2:00,599.63,605,565,70.61,44,10,34,0,1
10/15/2025 3:00,599.67,605,565,70.61,44,10,34,0,1
10/15/2025 4:00,599.71,605,565,70.61,44,10,34,0,1
10/15/2025 5:00,599.75,605,565,70.61,44,10,34,0,1
10/15/2025 6:00,599.79,605,565,70.61,44,10,34,0,1
10/15/2025 7:00,599.8,605,565,50.65,44,10,34,0,1
10/15/2025 8:00,599.8,605,565,44,44,10,34,0,1
10/15/2025 9:00,599.8,605,565,44,44,10,34,0,1
10/15/2025 10:00,599.8,605,565,44,44,10,34,0,1
10/15/2025 11:00,599.79,605,565,37.35,44,10,34,0,1
10/15/2025 12:00,599.78,605,565,37.35,44,10,34,0,1
10/15/2025 13:00,599.77,605,565,37.35,44,10,34,0,1
10/15/2025 14:00,599.76,605,565,37.35,44,10,34,0,1
10/15/2025 15:00,599.75,605,565,37.35,44,10,34,0,1
10/15/2025 16:00,599.75,605,565,44,44,10,34,0,1
10/15/2025 17:00,599.76,605,565,50.65,44,10,34,0,1
10/15/2025 18:00,599.76,605,565,44,44,10,34,0,1
10/15/2025 19:00,599.76,605,565,44,44,10,34,0,1
10/15/2025 20:00,599.76,605,565,44,44,10,34,0,1
10/15/2025 21:00,599.76,605,565,44,44,10,34,0,1
10/15/2025 22:00,599.76,605,565,44,44,10,34,0,1
10/15/2025 23:00,599.76,605,565,44,44,10,34,0,1
10/16/2025 0:00,599.76,605,565,44,44,10,34,0,1
10/16/2025 1:00,599.76,605,565,44,44,10,34,0,1
10/16/2025 2:00,599.76,605,565,44,44,10,34,0,1
10/16/2025 3:00,599.76,605,565,44,44,10,34,0,1
10/16/2025 4:00,599.76,605,565,44,44,10,34,0,1
10/16/2025 5:00,599.76,605,565,44,44,10,34,0,1
10/16/2025 6:00,599.76,605,565,44,44,10,34,0,1
10/16/2025 7:00,599.76,605,565,43.55,43.55,10,33.55,0,1
10/16/2025 8:00,599.75,605,565,32.18,38.83,10,28.83,0,1
10/16/2025 9:00,599.74,605,565,36.04,42.69,10,32.69,0,1
10/16/2025 10:00,599.74,605,565,44,44,10,34,0,1
10/16/2025 11:00,599.73,605,565,37.35,44,10,34,0,1
10/16/2025 12:00,599.72,605,565,37.35,44,10,34,0,1
10/16/2025 13:00,599.72,605,565,44,44,10,34,0,1
10/16/2025 14:00,599.72,605,565,44,44,10,34,0,1
10/16/2025 15:00,599.71,605,565,37.35,44,10,34,0,1
10/16/2025 16:00,599.71,605,565,44,44,10,34,0,1
10/16/2025 17:00,599.7,605,565,37.35,44,10,34,0,1
10/16/2025 18:00,599.69,605,565,37.35,44,10,34,0,1
10/16/2025 19:00,599.68,605,565,37.35,44,10,34,0,1
10/16/2025 20:00,599.67,605,565,37.35,44,10,34,0,1
10/16/2025 21:00,599.66,605,565,37.35,44,10,34,0,1
10/16/2025 22:00,599.65,605,565,37.35,44,10,34,0,1
10/16/2025 23:00,599.64,605,565,37.35,44,10,34,0,1
10/17/2025 0:00,599.63,605,565,37.35,44,10,34,0,1
10/17/2025 1:00,599.63,605,565,44,44,10,34,0,1
10/17/2025 2:00,599.63,605,565,44,44,10,34,0,1
10/17/2025 3:00,599.63,605,565,44,44,10,34,0,1
10/17/2025 4:00,599.63,605,565,44,44,10,34,0,1
10/17/2025 5:00,599.63,605,565,44,44,10,34,0,1
10/17/2025 6:00,599.62,605,565,37.35,44,10,34,0,1
10/17/2025 7:00,599.61,605,565,37.35,44,10,34,0,1
10/17/2025 8:00,599.6,605,565,37.35,44,10,34,0,1
10/17/2025 9:00,599.59,605,565,37.35,44,10,34,0,1
10/17/2025 10:00,599.58,605,565,37.35,44,10,34,0,1
10/17/2025 11:00,599.57,605,565,37.35,44,10,34,0,1
10/17/2025 12:00,599.56,605,565,37.35,44,10,34,0,1
10/17/2025 13:00,599.54,605,565,30.69,44,10,34,0,1
10/17/2025 14:00,599.53,605,565,37.35,44,10,34,0,1
10/17/2025 15:00,599.49,605,565,33.76,60.37,26.37,34,0,1
10/17/2025 16:00,599.44,605,565,27.11,60.37,26.37,34,0,1
10/17/2025 17:00,599.39,605,565,27.11,60.37,26.37,34,0,1
10/17/2025 18:00,599.34,605,565,27.11,60.37,26.37,34,0,1
10/17/2025 19:00,599.29,605,565,27.11,60.37,26.37,34,0,1
10/17/2025 20:00,599.24,605,565,27.11,60.37,26.37,34,0,1
10/17/2025 21:00,599.19,605,565,27.11,60.37,26.37,34,0,1
10/17/2025 22:00,599.15,605,565,26.64,53.25,26.37,26.88,0,1
10/17/2025 23:00,599.13,605,565,29.83,43.14,26.37,16.77,0,1
10/18/2025 0:00,599.13,605,565,29.83,43.14,26.37,16.77,0,1
10/18/2025 1:00,599.13,605,565,29.83,43.14,26.37,16.77,0,1
10/18/2025 2:00,599.13,605,565,29.83,43.14,26.37,16.77,0,1
10/18/2025 3:00,599.13,605,565,29.83,43.14,26.37,16.77,0,1
10/18/2025 4:00,599.13,605,565,29.83,43.14,26.37,16.77,0,1
10/18/2025 5:00,599.13,605,565,29.83,43.14,26.37,16.77,0,1
10/18/2025 6:00,599.13,605,565,29.83,43.14,26.37,16.77,0,1
10/18/2025 7:00,599.13,605,565,29.83,43.14,26.37,16.77,0,1
10/18/2025 8:00,599.13,605,565,29.83,43.14,26.37,16.77,0,1
10/18/2025 9:00,599.13,605,565,29.83,43.14,26.37,16.77,0,1
10/18/2025 10:00,599.13,605,565,29.83,43.14,26.37,16.77,0,1
10/18/2025 11:00,599.13,605,565,29.83,43.14,26.37,16.77,0,1
10/18/2025 12:00,599.13,605,565,29.83,43.14,26.37,16.77,0,1
10/18/2025 13:00,599.13,605,565,29.83,43.14,26.37,16.77,0,1
10/18/2025 14:00,599.13,605,565,29.83,43.14,26.37,16.77,0,1
10/18/2025 15:00,599.13,605,565,29.83,43.14,26.37,16.77,0,1
10/18/2025 16:00,599.13,605,565,29.83,43.14,26.37,16.77,0,1
10/18/2025 17:00,599.13,605,565,29.83,43.14,26.37,16.77,0,1
10/18/2025 18:00,599.13,605,565,29.83,43.14,26.37,16.77,0,1
10/18/2025 19:00,599.13,605,565,29.83,43.14,26.37,16.77,0,1
10/18/2025 20:00,599.13,605,565,29.83,43.14,26.37,16.77,0,1
10/18/2025 21:00,599.13,605,565,29.83,43.14,26.37,16.77,0,1
10/18/2025 22:00,599.13,605,565,29.83,43.14,26.37,16.77,0,1
10/18/2025 23:00,599.13,605,565,29.83,43.14,26.37,16.77,0,1
10/19/2025 0:00,597.61,605,565,31.26,84.48,50.48,34,0,1
10/19/2025 1:00,597.54,605,565,37.91,84.48,50.48,34,0,1
10/19/2025 2:00,597.47,605,565,37.91,84.48,50.48,34,0,1
10/19/2025 3:00,597.38,605,565,24.6,84.48,50.48,34,0,1
10/19/2025 4:00,597.28,605,565,17.95,84.48,50.48,34,0,1
10/19/2025 5:00,597.18,605,565,17.95,84.48,50.48,34,0,1
10/19/2025 6:00,597.08,605,565,17.95,84.48,50.48,34,0,1
10/19/2025 7:00,597.04,605,565,29.62,56.23,22.23,34,0,1
10/19/2025 8:00,597.02,605,565,42.92,56.23,22.23,34,0,1
10/19/2025 9:00,597.01,605,565,49.58,56.23,22.23,34,0,1
10/19/2025 10:00,597,605,565,49.39,56.04,22.04,34,0,1
10/19/2025 11:00,597,605,565,56.04,56.04,22.04,34,0,1
10/19/2025 12:00,597,605,565,56.04,56.04,22.04,34,0,1
10/19/2025 13:00,597,605,565,56.04,56.04,22.04,34,0,1
10/19/2025 14:00,597,605,565,56.04,56.04,22.04,34,0,1
10/19/2025 15:00,597,605,565,56.04,56.04,22.04,34,0,1
10/19/2025 16:00,596.98,605,565,42.73,56.04,22.04,34,0,1
10/19/2025 17:00,596.96,605,565,42.73,56.04,22.04,34,0,1
10/19/2025 18:00,596.94,605,565,42.73,56.04,22.04,34,0,1
10/19/2025 19:00,596.92,605,565,42.73,56.04,22.04,34,0,1
10/19/2025 20:00,596.9,605,565,42.73,56.04,22.04,34,0,1
10/19/2025 21:00,596.88,605,565,42.73,56.04,22.04,34,0,1
10/19/2025 22:00,596.85,605,565,36.08,56.04,22.04,34,0,1
10/19/2025 23:00,596.82,605,565,36.08,56.04,22.04,34,0,1
10/20/2025 0:00,596.79,605,565,36.08,56.04,22.04,34,0,1
10/20/2025 1:00,596.74,605,565,22.78,56.04,22.04,34,0,1
10/20/2025 2:00,596.69,605,565,20.97,54.23,22.04,32.19,0,1
10/20/2025 3:00,596.64,605,565,20.29,53.55,22.04,31.51,0,1
10/20/2025 4:00,596.59,605,565,18.18,51.44,22.04,29.4,0,1
10/20/2025 5:00,596.54,605,565,17.61,50.87,22.04,28.83,0,1
10/20/2025 6:00,596.49,605,565,17.61,50.87,22.04,28.83,0,1
10/20/2025 7:00,596.46,605,565,30.91,50.87,22.04,28.83,0,1
10/20/2025 8:00,596.43,605,565,34.7,54.66,21,33.66,0,1
10/20/2025 9:00,596.4,605,565,35.04,55,21,34,0,1
10/20/2025 10:00,596.37,605,565,35.04,55,21,34,0,1
10/20/2025 11:00,596.34,605,565,35.04,55,21,34,0,1
10/20/2025 12:00,596.31,605,565,35.04,55,21,34,0,1
10/20/2025 13:00,596.29,605,565,41.69,55,21,34,0,1
10/20/2025 14:00,596.27,605,565,41.69,55,21,34,0,1
10/20/2025 15:00,596.25,605,565,41.69,55,21,34,0,1
10/20/2025 16:00,596.23,605,565,41.69,55,21,34,0,1
10/20/2025 17:00,596.21,605,565,41.69,55,21,34,0,1
10/20/2025 18:00,596.19,605,565,41.69,55,21,34,0,1
10/20/2025 19:00,596.17,605,565,41.69,55,21,34,0,1
10/20/2025 20:00,596.15,605,565,41.69,55,21,34,0,1
10/20/2025 21:00,596.13,605,565,41.69,55,21,34,0,1
10/20/2025 22:00,596.11,605,565,41.69,55,21,34,0,1
10/20/2025 23:00,596.09,605,565,38.69,52,21,31,0,1
10/21/2025 0:00,596.07,605,565,36.25,49.56,21,28.56,0,1
10/21/2025 1:00,596.05,605,565,35.25,48.56,20,28.56,0,1
10/21/2025 2:00,596.03,605,565,35.49,48.8,20,28.8,0,1
10/21/2025 3:00,596.01,605,565,35.45,48.76,20,28.76,0,1
10/21/2025 4:00,595.99,605,565,33.98,47.29,20,27.29,0,1
10/21/2025 5:00,595.97,605,565,34.5,47.81,20,27.81,0,1
10/21/2025 6:00,595.95,605,565,35.25,48.56,20,28.56,0,1
10/21/2025 7:00,595.93,605,565,35.25,48.56,20,28.56,0,1
10/21/2025 8:00,595.91,605,565,35.25,48.56,20,28.56,0,1
10/21/2025 9:00,595.89,605,565,36.25,49.56,20,29.56,0,1
10/21/2025 10:00,595.87,605,565,39.47,52.78,20,32.78,0,1
10/21/2025 11:00,595.85,605,565,40.03,53.34,20,33.34,0,1
10/21/2025 12:00,595.83,605,565,40.69,54,20,34,0,1
10/21/2025 13:00,595.81,605,565,40.69,54,20,34,0,1
10/21/2025 14:00,595.79,605,565,40.69,54,20,34,0,1
10/21/2025 15:00,595.77,605,565,40.69,54,20,34,0,1
10/21/2025 16:00,595.75,605,565,38.92,52.23,20,32.23,0,1
10/21/2025 17:00,595.73,605,565,36.52,49.83,20,29.83,0,1
10/21/2025 18:00,595.71,605,565,40.69,54,20,34,0,1
10/21/2025 19:00,595.69,605,565,40.69,54,20,34,0,1
10/21/2025 20:00,595.67,605,565,40.69,54,20,34,0,1
10/21/2025 21:00,595.65,605,565,40.69,54,20,34,0,1
10/21/2025 22:00,595.63,605,565,40.69,54,20,34,0,1
10/21/2025 23:00,595.61,605,565,39.94,53.25,20,33.25,0,1
10/22/2025 0:00,595.59,605,565,38.65,51.96,20,31.96,0,1
10/22/2025 1:00,595.57,605,565,37.65,50.96,19,31.96,0,1
10/22/2025 2:00,595.55,605,565,37.65,50.96,19,31.96,0,1
10/22/2025 3:00,595.53,605,565,37.65,50.96,19,31.96,0,1
10/22/2025 4:00,595.51,605,565,37.65,50.96,19,31.96,0,1
10/22/2025 5:00,595.49,605,565,37.65,50.96,19,31.96,0,1
10/22/2025 6:00,595.46,605,565,31,50.96,19,31.96,0,1
10/22/2025 7:00,595.43,605,565,31,50.96,19,31.96,0,1
10/22/2025 8:00,595.4,605,565,32.48,52.44,19,33.44,0,1
10/22/2025 9:00,595.37,605,565,33.04,53,19,34,0,1
10/22/2025 10:00,595.34,605,565,33.04,53,19,34,0,1
10/22/2025 11:00,595.31,605,565,33.04,53,19,34,0,1
10/22/2025 12:00,595.28,605,565,33.04,53,19,34,0,1
10/22/2025 13:00,595.25,605,565,32.32,52.28,19,33.28,0,1
10/22/2025 14:00,595.22,605,565,31.04,51,19,32,0,1
10/22/2025 15:00,595.19,605,565,31.07,51.03,19,32.03,0,1
10/22/2025 16:00,595.16,605,565,31.36,51.32,19,32.32,0,1
10/22/2025 17:00,595.13,605,565,33.04,53,19,34,0,1
10/22/2025 18:00,595.09,605,565,26.39,53,19,34,0,1
10/22/2025 19:00,595.06,605,565,33.04,53,19,34,0,1
10/22/2025 20:00,595.03,605,565,33.04,53,19,34,0,1
10/22/2025 21:00,595,605,565,33.04,53,19,34,0,1
10/22/2025 22:00,594.99,605,565,47.11,53,19,34,0,1
10/22/2025 23:00,594.97,605,565,41.22,53,19,34,0,1
10/23/2025 0:00,594.96,605,565,47.11,53,19,34,0,1
10/23/2025 1:00,594.96,605,565,50.62,50.62,18,32.62,0,1
10/23/2025 2:00,594.95,605,565,44.89,50.78,18,32.78,0,1
10/23/2025 3:00,594.94,605,565,44.24,50.13,18,32.13,0,1
10/23/2025 4:00,594.93,605,565,42.27,48.16,18,30.16,0,1
10/23/2025 5:00,594.92,605,565,42.23,48.12,18,30.12,0,1
10/23/2025 6:00,594.92,605,565,48.12,48.12,18,30.12,0,1
10/23/2025 7:00,594.92,605,565,48.12,48.12,18,30.12,0,1
10/23/2025 8:00,594.92,605,565,49.32,49.32,18,31.32,0,1
10/23/2025 9:00,594.9,605,565,38.67,50.45,18,32.45,0,1
10/23/2025 10:00,594.9,605,565,51.95,51.95,18,33.95,0,1
10/23/2025 11:00,594.9,605,565,52,52,18,34,0,1
10/23/2025 12:00,594.9,605,565,52,52,18,34,0,1
10/23/2025 13:00,594.89,605,565,46.11,52,18,34,0,1
10/23/2025 14:00,594.88,605,565,46.11,52,18,34,0,1
10/23/2025 15:00,594.87,605,565,46.11,52,18,34,0,1
10/23/2025 16:00,594.86,605,565,46.11,52,18,34,0,1
10/23/2025 17:00,594.85,605,565,46.11,52,18,34,0,1
10/23/2025 18:00,594.83,605,565,40.22,52,18,34,0,1
10/23/2025 19:00,594.81,605,565,40.22,52,18,34,0,1
10/23/2025 20:00,594.79,605,565,40.22,52,18,34,0,1
10/23/2025 21:00,594.78,605,565,46.11,52,18,34,0,1
10/23/2025 22:00,594.77,605,565,46.11,52,18,34,0,1
10/23/2025 23:00,594.76,605,565,46.11,52,18,34,0,1
10/24/2025 0:00,594.75,605,565,46.11,52,18,34,0,1
10/24/2025 1:00,594.73,605,565,39.22,51,17,34,0,1
10/24/2025 2:00,594.71,605,565,39.22,51,17,34,0,1
10/24/2025 3:00,594.69,605,565,39.22,51,17,34,0,1
10/24/2025 4:00,594.67,605,565,39.22,51,17,34,0,1
10/24/2025 5:00,594.65,605,565,37.83,49.61,17,32.61,0,1
10/24/2025 6:00,594.63,605,565,37.95,49.73,17,32.73,0,1
10/24/2025 7:00,594.61,605,565,38.69,50.47,17,33.47,0,1
10/24/2025 8:00,594.59,605,565,39.22,51,17,34,0,1
10/24/2025 9:00,594.57,605,565,39.22,51,17,34,0,1
10/24/2025 10:00,594.55,605,565,39.22,51,17,34,0,1
10/24/2025 11:00,594.53,605,565,38.92,50.7,16.7,34,0,1
10/24/2025 12:00,594.52,605,565,44.81,50.7,16.7,34,0,1
10/24/2025 13:00,594.5,605,565,38.92,50.7,16.7,34,0,1
10/24/2025 14:00,594.48,605,565,38.92,50.7,16.7,34,0,1
10/24/2025 15:00,594.47,605,565,44.81,50.7,16.7,34,0,1
10/24/2025 16:00,594.46,605,565,44.81,50.7,16.7,34,0,1
10/24/2025 17:00,594.44,605,565,38.92,50.7,16.7,34,0,1
10/24/2025 18:00,594.42,605,565,38.92,50.7,16.7,34,0,1
10/24/2025 19:00,594.4,605,565,38.92,50.7,16.7,34,0,1
10/24/2025 20:00,594.39,605,565,44.81,50.7,16.7,34,0,1
10/24/2025 21:00,594.38,605,565,44.81,50.7,16.7,34,0,1
10/24/2025 22:00,594.36,605,565,38.92,50.7,16.7,34,0,1
10/24/2025 23:00,594.34,605,565,38.92,50.7,16.7,34,0,1
10/25/2025 0:00,594.32,605,565,38.92,50.7,16.7,34,0,1
10/25/2025 1:00,594.31,605,565,44.81,50.7,16.7,34,0,1
10/25/2025 2:00,594.29,605,565,38.92,50.7,16.7,34,0,1
10/25/2025 3:00,594.27,605,565,38.92,50.7,16.7,34,0,1
10/25/2025 4:00,594.25,605,565,38.92,50.7,16.7,34,0,1
10/25/2025 5:00,594.23,605,565,38.92,50.7,16.7,34,0,1
10/25/2025 6:00,594.21,605,565,38.92,50.7,16.7,34,0,1
10/25/2025 7:00,594.2,605,565,44.81,50.7,16.7,34,0,1
10/25/2025 8:00,594.18,605,565,38.92,50.7,16.7,34,0,1
10/25/2025 9:00,594.16,605,565,38.92,50.7,16.7,34,0,1
10/25/2025 10:00,594.14,605,565,38.92,50.7,16.7,34,0,1
10/25/2025 11:00,594.13,605,565,44.81,50.7,16.7,34,0,1
10/25/2025 12:00,594.11,605,565,38.92,50.7,16.7,34,0,1
10/25/2025 13:00,594.09,605,565,22.22,34,0,34,0,0
10/25/2025 14:00,594.07,605,565,22.22,34,0,34,0,0
10/25/2025 15:00,594.05,605,565,22.22,34,0,34,0,0
10/25/2025 16:00,594.03,605,565,22.22,34,0,34,0,0
10/25/2025 17:00,594.01,605,565,22.22,34,0,34,0,0
10/25/2025 18:00,594,605,565,28.11,34,0,34,0,0
10/25/2025 19:00,594,605,565,23.8,23.8,0,23.8,0,0
10/25/2025 20:00,594.03,605,565,27.02,9.35,0,9.35,0,0
10/25/2025 21:00,594.06,605,565,17.67,0,0,0,0,0
10/25/2025 22:00,594.09,605,565,17.67,0,0,0,0,0
10/25/2025 23:00,594.12,605,565,17.67,0,0,0,0,0
10/26/2025 0:00,594.15,605,565,17.67,0,0,0,0,0
10/26/2025 1:00,594.19,605,565,23.56,0,0,0,0,0
10/26/2025 2:00,594.22,605,565,17.67,0,0,0,0,0
10/26/2025 3:00,594.26,605,565,23.56,0,0,0,0,0
10/26/2025 4:00,594.3,605,565,23.56,0,0,0,0,0
10/26/2025 5:00,594.34,605,565,23.56,0,0,0,0,0
10/26/2025 6:00,594.38,605,565,23.56,0,0,0,0,0
10/26/2025 7:00,594.42,605,565,23.56,0,0,0,0,0
10/26/2025 8:00,594.47,605,565,29.46,0,0,0,0,0
10/26/2025 9:00,594.52,605,565,29.46,0,0,0,0,0
10/26/2025 10:00,594.58,605,565,35.35,0,0,0,0,0
10/26/2025 11:00,594.65,605,565,41.24,0,0,0,0,0
10/26/2025 12:00,594.76,605,565,64.8,0,0,0,0,0
10/26/2025 13:00,594.87,605,565,64.8,0,0,0,0,0
10/26/2025 14:00,595,605,565,86.58,10,10,0,0,1
10/26/2025 15:00,595,605,565,51,51,51,0,0,1
10/26/2025 16:00,595,605,565,63.18,63.18,51,12.18,0,1
10/26/2025 17:00,595,605,565,74.23,74.23,51,23.23,0,1
10/26/2025 18:00,595,605,565,125,125,91,34,0,3
10/26/2025 19:00,595.12,605,565,204.83,125,91,34,0,3
10/26/2025 20:00,595.35,605,565,205.18,52.17,18.17,34,0,1
10/26/2025 21:00,595.59,605,565,211.84,52.17,18.17,34,0,1
10/26/2025 22:00,595.82,605,565,205.18,52.17,18.17,34,0,1
10/26/2025 23:00,596.02,605,565,185.23,52.17,18.17,34,0,1
10/27/2025 0:00,596.11,605,565,112.04,52.17,18.17,34,0,1
10/27/2025 1:00,596.19,605,565,105.39,52.17,18.17,34,0,1
10/27/2025 2:00,596.39,605,565,183.66,50.6,18.17,32.43,0,1
10/27/2025 3:00,596.62,605,565,203.14,50.13,18.17,31.96,0,1
10/27/2025 4:00,596.87,605,565,216.45,50.13,18.17,31.96,0,1
10/27/2025 5:00,597.45,605,565,440.67,54.81,22.39,32.42,0,1
10/27/2025 6:00,597.86,605,565,329.14,56.38,23.6,32.78,0,1
10/27/2025 7:00,598.15,605,565,250.99,58.06,24.1,33.96,0,1
10/27/2025 8:00,598.48,605,565,278.2,58.66,24.66,34,0,1
10/27/2025 9:00,598.79,605,565,264.9,58.66,24.66,34,0,1
10/27/2025 10:00,599.1,605,565,264.9,58.66,24.66,34,0,1
10/27/2025 11:00,599.41,605,565,315.24,109,75,34,0,1
10/27/2025 12:00,599.68,605,565,338.62,159,125,34,0,3
10/27/2025 13:00,599.96,605,565,345.28,159,125,34,0,3
10/27/2025 14:00,600.3,605,565,409.81,159,125,34,0,3
10/27/2025 15:00,600.48,605,565,293.52,159,125,34,0,3
10/27/2025 16:00,600.69,605,565,315.94,159,125,34,0,3
10/27/2025 17:00,600.86,605,565,286.05,159,125,34,0,3
10/27/2025 18:00,600.96,605,565,233.73,159,125,34,0,3
10/27/2025 19:00,601.11,605,565,271.1,159,125,34,0,3
10/27/2025 20:00,601.26,605,565,271.1,159,125,34,0,3
10/27/2025 21:00,601.44,605,565,293.52,159,125,34,0,3
10/27/2025 22:00,601.54,605,565,233.73,159,125,34,0,3
10/27/2025 23:00,601.64,605,565,233.73,159,125,34,0,3
10/28/2025 0:00,601.7,605,565,203.84,159,125,34,0,3
10/28/2025 1:00,601.77,605,565,211.31,159,125,34,0,3
10/28/2025 2:00,601.82,605,565,196.37,159,125,34,0,3
10/28/2025 3:00,601.86,605,565,188.89,159,125,34,0,3
10/28/2025 4:00,601.88,605,565,173.95,159,125,34,0,3
10/28/2025 5:00,601.94,605,565,163.84,119,85,34,0,1
10/28/2025 6:00,602.06,605,565,208.68,119,85,34,0,1
10/28/2025 7:00,602.25,605,565,260.99,119,85,34,0,1
10/28/2025 8:00,602.5,605,565,305.83,119,85,34,0,1
10/28/2025 9:00,602.82,605,565,396.15,157,123,34,0,1
10/28/2025 10:00,603.19,605,565,496.51,220,186,34,0,3
10/28/2025 11:00,603.49,605,565,539.2,315,281,34,0,3
10/28/2025 12:00,603.65,605,565,595.57,476,442,34,0,3
10/28/2025 13:00,603.84,605,565,743.99,602,568,34,0,3
10/28/2025 14:00,603.86,605,565,616.95,602,568,34,0,3
10/28/2025 15:00,603.87,605,565,609.47,602,568,34,0,3
10/28/2025 16:00,603.89,605,565,616.95,602,568,34,0,3
10/28/2025 17:00,603.9,605,565,609.47,602,568,34,0,3
10/28/2025 18:00,603.92,605,565,525.95,511,477,34,0,3
10/28/2025 19:00,603.93,605,565,518.47,511,477,34,0,3
10/28/2025 20:00,603.94,605,565,420.47,413,379,34,0,3
10/28/2025 21:00,603.95,605,565,327.47,320,286,34,0,3
10/28/2025 22:00,603.96,605,565,233.47,226,192,34,0,3
10/28/2025 23:00,603.97,605,565,235.47,228,194,34,0,3
10/29/2025 0:00,603.98,605,565,235.78,228.31,194.31,34,0,3
10/29/2025 1:00,603.99,605,565,300.07,292.6,258.6,34,0,3
10/29/2025 2:00,604,605,565,300.18,292.71,258.71,34,0,3
10/29/2025 3:00,604.01,605,565,300.28,292.81,258.81,34,0,3
10/29/2025 4:00,604.02,605,565,300.38,292.91,258.91,34,0,3
10/29/2025 5:00,604.03,605,565,300.47,293,259,34,0,3
10/29/2025 6:00,604.04,605,565,300.58,293.11,259.11,34,0,3
10/29/2025 7:00,604.1,605,565,337.84,293,259,34,0,3
10/29/2025 8:00,604.12,605,565,307.95,293,259,34,0,3
10/29/2025 9:00,604.14,605,565,307.95,293,259,34,0,3
10/29/2025 10:00,604.16,605,565,307.95,293,259,34,0,3
10/29/2025 11:00,604.17,605,565,488.47,481,447,34,0,3
10/29/2025 12:00,604.18,605,565,612.47,605,571,34,0,3
10/29/2025 13:00,604.19,605,565,612.47,605,571,34,0,3
10/29/2025 14:00,604.2,605,565,612.47,605,571,34,0,3
10/29/2025 15:00,604.21,605,565,612.47,605,571,34,0,3
10/29/2025 16:00,604.22,605,565,612.47,605,571,34,0,3
10/29/2025 17:00,604.23,605,565,551.47,544,510,34,0,3
10/29/2025 18:00,604.24,605,565,551.47,544,510,34,0,3
10/29/2025 19:00,604.25,605,565,430.75,423.28,389.28,34,0,3
10/29/2025 20:00,604.26,605,565,430.9,423.43,389.43,34,0,3
10/29/2025 21:00,604.27,605,565,431.06,423.59,389.59,34,0,3
10/29/2025 22:00,604.28,605,565,431.21,423.74,389.74,34,0,3
10/29/2025 23:00,604.29,605,565,431.36,423.89,389.89,34,0,3
10/30/2025 0:00,604.3,605,565,367.55,360.08,326.08,34,0,3
10/30/2025 1:00,604.31,605,565,367.67,360.2,326.2,34,0,3
10/30/2025 2:00,604.32,605,565,303.43,295.96,261.96,34,0,3
10/30/2025 3:00,604.33,605,565,303.53,296.06,262.06,34,0,3
10/30/2025 4:00,604.34,605,565,303.64,296.17,262.17,34,0,3
10/30/2025 5:00,604.35,605,565,205.86,198.39,164.39,34,0,3
10/30/2025 6:00,604.36,605,565,205.92,198.45,164.45,34,0,3
10/30/2025 7:00,604.37,605,565,205.92,198.45,164.45,34,0,3
10/30/2025 8:00,604.38,605,565,205.92,198.45,164.45,34,0,3
10/30/2025 9:00,604.39,605,565,205.92,198.45,164.45,34,0,3
10/30/2025 10:00,604.4,605,565,205.92,198.45,164.45,34,0,3
10/30/2025 11:00,604.41,605,565,205.92,198.45,164.45,34,0,3
10/30/2025 12:00,604.42,605,565,205.92,198.45,164.45,34,0,3
10/30/2025 13:00,604.43,605,565,205.92,198.45,164.45,34,0,3
10/30/2025 14:00,604.44,605,565,205.92,198.45,164.45,34,0,3
10/30/2025 15:00,604.45,605,565,205.92,198.45,164.45,34,0,3
10/30/2025 16:00,604.46,605,565,205.92,198.45,164.45,34,0,3
10/30/2025 17:00,604.47,605,565,205.92,198.45,164.45,34,0,3
10/30/2025 18:00,604.48,605,565,205.92,198.45,164.45,34,0,3
10/30/2025 19:00,604.49,605,565,205.92,198.45,164.45,34,0,3
10/30/2025 20:00,604.5,605,565,205.92,198.45,164.45,34,0,3
10/30/2025 21:00,604.51,605,565,205.92,198.45,164.45,34,0,3
10/30/2025 22:00,604.52,605,565,205.92,198.45,164.45,34,0,3
10/30/2025 23:00,604.53,605,565,205.92,198.45,164.45,34,0,3
10/31/2025 0:00,604.54,605,565,205.92,198.45,164.45,34,0,3
10/31/2025 1:00,604.55,605,565,205.92,198.45,164.45,34,0,3
10/31/2025 2:00,604.56,605,565,205.92,198.45,164.45,34,0,3
10/31/2025 3:00,604.57,605,565,205.92,198.45,164.45,34,0,3
10/31/2025 4:00,604.58,605,565,205.92,198.45,164.45,34,0,3
10/31/2025 5:00,604.59,605,565,205.92,198.45,164.45,34,0,3
10/31/2025 6:00,604.6,605,565,205.92,198.45,164.45,34,0,3
10/31/2025 7:00,604.61,605,565,205.92,198.45,164.45,34,0,3
10/31/2025 8:00,604.62,605,565,205.92,198.45,164.45,34,0,3
10/31/2025 9:00,604.63,605,565,205.92,198.45,164.45,34,0,3
10/31/2025 10:00,604.64,605,565,205.92,198.45,164.45,34,0,3
10/31/2025 11:00,604.65,605,565,205.92,198.45,164.45,34,0,3
10/31/2025 12:00,604.66,605,565,205.92,198.45,164.45,34,0,3
10/31/2025 13:00,604.67,605,565,205.92,198.45,164.45,34,0,3
10/31/2025 14:00,604.67,605,565,202.19,198.45,164.45,34,0,3
10/31/2025 15:00,604.68,605,565,202.19,198.45,164.45,34,0,3
10/31/2025 16:00,604.69,605,565,205.92,198.45,164.45,34,0,3
10/31/2025 17:00,604.7,605,565,205.92,198.45,164.45,34,0,3
10/31/2025 18:00,604.71,605,565,202.19,198.45,164.45,34,0,3
10/31/2025 19:00,604.71,605,565,202.19,198.45,164.45,34,0,3
10/31/2025 20:00,604.72,605,565,202.19,198.45,164.45,34,0,3
10/31/2025 21:00,604.72,605,565,202.19,198.45,164.45,34,0,3
10/31/2025 22:00,604.72,605,565,202.19,198.45,164.45,34,0,3
10/31/2025 23:00,604.73,605,565,202.19,198.45,164.45,34,0,3
11/1/2025 0:00,604.74,605,565,202.19,198.45,164.45,34,0,3
11/1/2025 1:00,604.74,605,565,202.19,198.45,164.45,34,0,3
11/1/2025 2:00,604.74,605,565,202.19,198.45,164.45,34,0,3
11/1/2025 3:00,604.75,605,565,202.19,198.45,164.45,34,0,3
11/1/2025 4:00,604.76,605,565,202.19,198.45,164.45,34,0,3
11/1/2025 5:00,604.76,605,565,202.19,198.45,164.45,34,0,3
11/1/2025 6:00,604.76,605,565,202.19,198.45,164.45,34,0,3
11/1/2025 7:00,604.77,605,565,202.19,198.45,164.45,34,0,3
11/1/2025 8:00,604.78,605,565,202.19,198.45,164.45,34,0,3
11/1/2025 9:00,604.78,605,565,198.45,198.45,164.45,34,0,3
11/1/2025 10:00,604.78,605,565,198.45,198.45,164.45,34,0,3
11/1/2025 11:00,604.78,605,565,198.45,198.45,164.45,34,0,3
11/1/2025 12:00,604.78,605,565,198.45,198.45,164.45,34,0,3
11/1/2025 13:00,604.78,605,565,198.45,198.45,164.45,34,0,3
11/1/2025 14:00,604.78,605,565,198.45,198.45,164.45,34,0,3
11/1/2025 15:00,604.78,605,565,198.45,198.45,164.45,34,0,3
11/1/2025 16:00,604.78,605,565,198.45,198.45,164.45,34,0,3
11/1/2025 17:00,604.78,605,565,198.45,198.45,164.45,34,0,3
11/1/2025 18:00,604.78,605,565,198.45,198.45,164.45,34,0,3
11/1/2025 19:00,604.78,605,565,198.45,198.45,164.45,34,0,3
11/1/2025 20:00,604.78,605,565,198.45,198.45,164.45,34,0,3
11/1/2025 21:00,604.78,605,565,198.45,198.45,164.45,34,0,3
11/1/2025 22:00,604.78,605,565,198.45,198.45,164.45,34,0,3
11/1/2025 23:00,604.78,605,565,198.45,198.45,164.45,34,0,3
11/2/2025 0:00,604.78,605,565,198.45,198.45,164.45,34,0,3
11/2/2025 1:00,604.78,605,565,198.45,198.45,164.45,34,0,3
11/2/2025 2:00,604.78,605,565,198.45,198.45,164.45,34,0,3
11/2/2025 3:00,604.78,605,565,198.45,198.45,164.45,34,0,3
11/2/2025 4:00,604.78,605,565,198.45,198.45,164.45,34,0,3
11/2/2025 5:00,604.78,605,565,198.45,198.45,164.45,34,0,3
11/2/2025 6:00,604.78,605,565,198.45,198.45,164.45,34,0,3
11/2/2025 7:00,604.78,605,565,198.45,198.45,164.45,34,0,3
11/2/2025 8:00,604.66,605,565,148.06,234,200,34,0,3
11/2/2025 9:00,604.54,605,565,144.32,234,200,34,0,3
11/2/2025 10:00,604.42,605,565,144.32,234,200,34,0,3
11/2/2025 11:00,604.3,605,565,144.32,234,200,34,0,3
11/2/2025 12:00,604.18,605,565,144.32,234,200,34,0,3
11/2/2025 13:00,604.03,605,565,149.9,262,228,34,0,3
11/2/2025 14:00,603.88,605,565,149.9,262,228,34,0,3
11/2/2025 15:00,603.88,605,565,164,164,130,34,0,3
11/2/2025 16:00,603.88,605,565,164,164,130,34,0,3
11/2/2025 17:00,603.88,605,565,164,164,130,34,0,3
11/2/2025 18:00,603.89,605,565,171.47,164,130,34,0,3
11/2/2025 19:00,603.9,605,565,171.47,164,130,34,0,3
11/2/2025 20:00,603.91,605,565,171.47,164,130,34,0,3
11/2/2025 21:00,603.92,605,565,171.47,164,130,34,0,3
11/2/2025 22:00,603.93,605,565,171.47,164,130,34,0,3
11/2/2025 23:00,603.94,605,565,171.47,164,130,34,0,3
11/3/2025 0:00,603.95,605,565,171.47,164,130,34,0,3
11/3/2025 1:00,603.96,605,565,200.75,193.28,162,31.28,0,3
11/3/2025 2:00,603.97,605,565,230.03,222.56,194,28.56,0,3
11/3/2025 3:00,603.98,605,565,230.03,222.56,194,28.56,0,3
11/3/2025 4:00,603.99,605,565,230.03,222.56,194,28.56,0,3
11/3/2025 5:00,604,605,565,230.03,222.56,194,28.56,0,3
11/3/2025 6:00,604.01,605,565,235.08,227.61,194,33.61,0,3
11/3/2025 7:00,604.02,605,565,235.47,228,194,34,0,3
11/3/2025 8:00,604.03,605,565,235.47,228,194,34,0,3
11/3/2025 9:00,604.04,605,565,235.47,228,194,34,0,3
11/3/2025 10:00,604.05,605,565,235.47,228,194,34,0,3
11/3/2025 11:00,604.06,605,565,235.47,228,194,34,0,3
11/3/2025 12:00,604.07,605,565,235.47,228,194,34,0,3
11/3/2025 13:00,604.08,605,565,235.47,228,194,34,0,3
11/3/2025 14:00,604.09,605,565,235.47,228,194,34,0,3
11/3/2025 15:00,604.1,605,565,235.47,228,194,34,0,3
11/3/2025 16:00,604.14,605,565,226.7,196.81,162.81,34,0,3
11/3/2025 17:00,604.16,605,565,211.76,196.81,162.81,34,0,3
11/3/2025 18:00,604.23,605,565,158.31,106,72,34,0,1
11/3/2025 19:00,604.3,605,565,134.31,82,48,34,0,1
11/3/2025 20:00,604.36,605,565,126.84,82,48,34,0,1
11/3/2025 21:00,604.41,605,565,119.37,82,48,34,0,1
11/3/2025 22:00,604.42,605,565,113.47,106,72,34,0,1
11/3/2025 23:00,604.43,605,565,113.47,106,72,34,0,1
11/4/2025 0:00,604.44,605,565,113.47,106,72,34,0,1
11/4/2025 1:00,604.45,605,565,108.03,100.56,72,28.56,0,1
11/4/2025 2:00,604.46,605,565,108.03,100.56,72,28.56,0,1
11/4/2025 3:00,604.47,605,565,103.27,95.8,72,23.8,0,1
11/4/2025 4:00,604.48,605,565,93.75,86.28,72,14.28,0,1
11/4/2025 5:00,604.49,605,565,93.75,86.28,72,14.28,0,1
11/4/2025 6:00,604.5,605,565,109.53,102.06,72,30.06,0,1
11/4/2025 7:00,604.51,605,565,112.7,105.23,72,33.23,0,1
11/4/2025 8:00,604.52,605,565,113.47,106,72,34,0,1
11/4/2025 9:00,604.53,605,565,113.47,106,72,34,0,1
11/4/2025 10:00,604.54,605,565,113.47,106,72,34,0,1
11/4/2025 11:00,604.55,605,565,113.47,106,72,34,0,1
11/4/2025 12:00,604.57,605,565,120.95,106,72,34,0,1
11/4/2025 13:00,604.59,605,565,120.95,106,72,34,0,1
11/4/2025 14:00,604.61,605,565,120.95,106,72,34,0,1
11/4/2025 15:00,604.62,605,565,113.47,106,72,34,0,1
11/4/2025 16:00,604.63,605,565,113.47,106,72,34,0,1
11/4/2025 17:00,604.64,605,565,113.47,106,72,34,0,1
11/4/2025 18:00,604.69,605,565,96.37,59,25,34,0,1
11/4/2025 19:00,604.72,605,565,81.42,59,25,34,0,1
11/4/2025 20:00,604.74,605,565,73.95,59,25,34,0,1
11/4/2025 21:00,604.7,605,565,70.91,100.8,66.8,34,0,1
11/4/2025 22:00,604.61,605,565,66.28,133.54,99.54,34,0,1
11/4/2025 23:00,604.51,605,565,58.81,133.54,99.54,34,0,1
11/5/2025 0:00,604.41,605,565,53.14,127.87,99.54,28.33,0,1
11/5/2025 1:00,604.31,605,565,54.15,128.88,99.54,29.34,0,1
11/5/2025 2:00,604.21,605,565,53.37,128.1,99.54,28.56,0,1
11/5/2025 3:00,604.11,605,565,53.37,128.1,99.54,28.56,0,1
11/5/2025 4:00,604.01,605,565,53.37,128.1,99.54,28.56,0,1
11/5/2025 5:00,603.91,605,565,54.55,129.28,99.54,29.74,0,1
11/5/2025 6:00,603.81,605,565,57,131.73,99.54,32.19,0,1
11/5/2025 7:00,603.71,605,565,58.81,133.54,99.54,34,0,1
11/5/2025 8:00,603.65,605,565,84.16,129,95,34,0,1
11/5/2025 9:00,603.55,605,565,87.27,162,128,34,0,2
11/5/2025 10:00,603.45,605,565,84.91,159.64,128,31.64,0,2
11/5/2025 11:00,603.36,605,565,82.88,150.14,128,22.14,0,2
11/5/2025 12:00,603.28,605,565,82.49,142.28,128,14.28,0,2
11/5/2025 13:00,603.16,605,565,82.1,171.78,157.5,14.28,0,3
11/5/2025 14:00,603.04,605,565,85.89,175.57,157,18.57,0,3
11/5/2025 15:00,602.91,605,565,88.95,186.1,157,29.1,0,3
11/5/2025 16:00,602.78,605,565,93.85,191,157,34,0,3
11/5/2025 17:00,602.66,605,565,101.32,191,157,34,0,3
11/5/2025 18:00,602.54,605,565,101.32,191,157,34,0,3
11/5/2025 19:00,602.42,605,565,101.32,191,157,34,0,3
11/5/2025 20:00,602.3,605,565,101.32,191,157,34,0,3
11/5/2025 21:00,602.18,605,565,101.32,191,157,34,0,3
11/5/2025 22:00,602.07,605,565,108.79,191,157,34,0,3
11/5/2025 23:00,601.96,605,565,108.79,191,157,34,0,3
11/6/2025 0:00,601.86,605,565,111.46,186.19,157,29.19,0,3
11/6/2025 1:00,601.76,605,565,110.83,185.56,157,28.56,0,3
11/6/2025 2:00,601.66,605,565,110.83,185.56,157,28.56,0,3
11/6/2025 3:00,601.56,605,565,110.83,185.56,157,28.56,0,3
11/6/2025 4:00,601.46,605,565,110.83,185.56,157,28.56,0,3
11/6/2025 5:00,601.36,605,565,110.83,185.56,157,28.56,0,3
11/6/2025 6:00,601.24,605,565,99.19,188.87,157,31.87,0,3
11/6/2025 7:00,601.12,605,565,101.32,191,157,34,0,3
11/6/2025 8:00,601,605,565,101.32,191,157,34,0,3
11/6/2025 9:00,600.88,605,565,101.32,191,157,34,0,3
11/6/2025 10:00,600.76,605,565,101.32,191,157,34,0,3
11/6/2025 11:00,600.64,605,565,101.32,191,157,34,0,3
11/6/2025 12:00,600.52,605,565,96.34,186.02,157,29.02,0,3
11/6/2025 13:00,600.39,605,565,88.41,185.56,157,28.56,0,3
11/6/2025 14:00,600.26,605,565,93.58,190.73,157,33.73,0,3
11/6/2025 15:00,600.13,605,565,93.85,191,157,34,0,3
11/6/2025 16:00,600,605,565,93.85,191,157,34,0,3
11/6/2025 17:00,600,605,565,87.77,87.77,53.77,34,0,1
11/6/2025 18:00,600,605,565,87.77,87.77,53.77,34,0,1
11/6/2025 19:00,600,605,565,87.77,87.77,53.77,34,0,1
11/6/2025 20:00,600,605,565,110.27,110.27,80.35,29.92,0,1
11/6/2025 21:00,600,605,565,108.91,108.91,80.35,28.56,0,1
11/6/2025 22:00,600,605,565,108.91,108.91,80.35,28.56,0,1
11/6/2025 23:00,600,605,565,108.91,108.91,80.35,28.56,0,1
11/7/2025 0:00,600,605,565,95.99,95.99,80.35,15.64,0,1
11/7/2025 1:00,600,605,565,94.63,94.63,80.35,14.28,0,1
11/7/2025 2:00,600,605,565,94.63,94.63,80.35,14.28,0,1
11/7/2025 3:00,600,605,565,94.63,94.63,80.35,14.28,0,1
11/7/2025 4:00,600,605,565,94.63,94.63,80.35,14.28,0,1
11/7/2025 5:00,600,605,565,94.63,94.63,80.35,14.28,0,1
11/7/2025 6:00,600,605,565,94.63,94.63,80.35,14.28,0,1
11/7/2025 7:00,600,605,565,105.58,105.58,80.35,25.23,0,1
11/7/2025 8:00,600,605,565,109.86,109.86,80.35,29.51,0,1
11/7/2025 9:00,600,605,565,114.03,114.03,80.35,33.68,0,1
11/7/2025 10:00,600,605,565,110.27,110.27,80.35,29.92,0,1
11/7/2025 11:00,600,605,565,108.91,108.91,80.35,28.56,0,1
11/7/2025 12:00,600,605,565,108.91,108.91,80.35,28.56,0,1
11/7/2025 13:00,600,605,565,108.91,108.91,80.35,28.56,0,1
11/7/2025 14:00,600,605,565,110.95,110.95,80.35,30.6,0,1
11/7/2025 15:00,600,605,565,114.3,114.3,80.35,33.95,0,1
11/7/2025 16:00,600,605,565,114.35,114.35,80.35,34,0,1
11/7/2025 17:00,600,605,565,114.35,114.35,80.35,34,0,1
11/7/2025 18:00,600,605,565,114.35,114.35,80.35,34,0,1
11/7/2025 19:00,600,605,565,114.35,114.35,80.35,34,0,1
11/7/2025 20:00,600,605,565,114.35,114.35,80.35,34,0,1
11/7/2025 21:00,599.99,605,565,107.7,114.35,80.35,34,0,1
11/7/2025 22:00,599.99,605,565,114.35,114.35,80.35,34,0,1
11/7/2025 23:00,599.99,605,565,113.23,113.23,80.35,32.88,0,1
11/8/2025 0:00,599.99,605,565,109.18,109.18,80.35,28.83,0,1
11/8/2025 1:00,599.99,605,565,109.18,109.18,80.35,28.83,0,1
11/8/2025 2:00,599.99,605,565,109.18,109.18,80.35,28.83,0,1
11/8/2025 3:00,599.99,605,565,109.18,109.18,80.35,28.83,0,1
11/8/2025 4:00,599.99,605,565,109.18,109.18,80.35,28.83,0,1
11/8/2025 5:00,599.99,605,565,109.18,109.18,80.35,28.83,0,1
11/8/2025 6:00,599.99,605,565,109.18,109.18,80.35,28.83,0,1
11/8/2025 7:00,599.99,605,565,109.18,109.18,80.35,28.83,0,1
11/8/2025 8:00,599.99,605,565,109.18,109.18,80.35,28.83,0,1
11/8/2025 9:00,600,605,565,62.83,56.18,27,29.18,0,1
11/8/2025 10:00,600,605,565,57.08,57.08,27,30.08,0,1
11/8/2025 11:00,600,605,565,55.56,55.56,27,28.56,0,1
11/8/2025 12:00,600,605,565,55.56,55.56,27,28.56,0,1
11/8/2025 13:00,600,605,565,55.56,55.56,27,28.56,0,1
11/8/2025 14:00,600,605,565,59.87,59.87,27,32.87,0,1
11/8/2025 15:00,599.99,605,565,54.35,61,27,34,0,1
11/8/2025 16:00,599.99,605,565,61,61,27,34,0,1
11/8/2025 17:00,599.99,605,565,61,61,27,34,0,1
11/8/2025 18:00,599.99,605,565,61,61,27,34,0,1
11/8/2025 19:00,599.99,605,565,61,61,27,34,0,1
11/8/2025 20:00,599.99,605,565,61,61,27,34,0,1
11/8/2025 21:00,599.99,605,565,61,61,27,34,0,1
11/8/2025 22:00,599.99,605,565,61,61,27,34,0,1
11/8/2025 23:00,599.99,605,565,61,61,27,34,0,1
11/9/2025 0:00,599.99,605,565,61,61,27,34,0,1
11/9/2025 1:00,599.99,605,565,61,61,27,34,0,1
11/9/2025 2:00,599.99,605,565,61,61,27,34,0,1
11/9/2025 3:00,599.99,605,565,61,61,27,34,0,1
11/9/2025 4:00,599.99,605,565,61,61,27,34,0,1
11/9/2025 5:00,599.99,605,565,61,61,27,34,0,1
11/9/2025 6:00,599.99,605,565,61,61,27,34,0,1
11/9/2025 7:00,599.99,605,565,61,61,27,34,0,1
11/9/2025 8:00,599.99,605,565,58.28,58.28,27,31.28,0,1
11/9/2025 9:00,600,605,565,62.21,55.56,27,28.56,0,1
11/9/2025 10:00,600,605,565,55.56,55.56,27,28.56,0,1
11/9/2025 11:00,600.01,605,565,54.7,47.23,27,20.23,0,1
11/9/2025 12:00,600,605,565,44.28,51.75,27,24.75,0,1
11/9/2025 13:00,599.99,605,565,48.91,55.56,27,28.56,0,1
11/9/2025 14:00,599.98,605,565,48.91,55.56,27,28.56,0,1
11/9/2025 15:00,599.98,605,565,55.56,55.56,27,28.56,0,1
11/9/2025 16:00,599.98,605,565,58,58,27,31,0,1
11/9/2025 17:00,599.98,605,565,61,61,27,34,0,1
11/9/2025 18:00,599.98,605,565,61,61,27,34,0,1
11/9/2025 19:00,599.98,605,565,61,61,27,34,0,1
11/9/2025 20:00,599.98,605,565,58.79,58.79,27,31.79,0,1
11/9/2025 21:00,599.98,605,565,59.48,59.48,27,32.48,0,1
11/9/2025 22:00,599.98,605,565,57.36,57.36,27,30.36,0,1
11/9/2025 23:00,599.98,605,565,55.56,55.56,27,28.56,0,1
11/10/2025 0:00,599.98,605,565,55.56,55.56,27,28.56,0,1
11/10/2025 1:00,599.98,605,565,55.56,55.56,27,28.56,0,1
11/10/2025 2:00,599.99,605,565,48.64,41.99,27,14.99,0,1
11/10/2025 3:00,599.99,605,565,41.28,41.28,27,14.28,0,1
11/10/2025 4:00,599.99,605,565,41.28,41.28,27,14.28,0,1
11/10/2025 5:00,599.99,605,565,41.28,41.28,27,14.28,0,1
11/10/2025 6:00,599.99,605,565,49.85,49.85,27,22.85,0,1
11/10/2025 7:00,599.99,605,565,55.56,55.56,27,28.56,0,1
11/10/2025 8:00,599.99,605,565,55.87,55.87,27,28.87,0,1
11/10/2025 9:00,599.99,605,565,59.48,59.48,27,32.48,0,1
11/10/2025 10:00,599.99,605,565,56.03,56.03,27,29.03,0,1
11/10/2025 11:00,599.99,605,565,55.56,55.56,27,28.56,0,1
11/10/2025 12:00,599.99,605,565,55.56,55.56,27,28.56,0,1
11/10/2025 13:00,599.98,605,565,48.91,55.56,27,28.56,0,1
11/10/2025 14:00,599.98,605,565,55.56,55.56,27,28.56,0,1
11/10/2025 15:00,599.98,605,565,59.27,59.27,27,32.27,0,1
11/10/2025 16:00,599.97,605,565,54.35,61,27,34,0,1
11/10/2025 17:00,599.97,605,565,61,61,27,34,0,1
11/10/2025 18:00,599.97,605,565,61,61,27,34,0,1
11/10/2025 19:00,599.97,605,565,61,61,27,34,0,1
11/10/2025 20:00,599.97,605,565,61,61,27,34,0,1
11/10/2025 21:00,599.97,605,565,61,61,27,34,0,1
11/10/2025 22:00,599.97,605,565,61,61,27,34,0,1
11/10/2025 23:00,599.97,605,565,57.09,57.09,27,30.09,0,1
11/11/2025 0:00,599.97,605,565,55.56,55.56,27,28.56,0,1
11/11/2025 1:00,599.97,605,565,55.56,55.56,27,28.56,0,1
11/11/2025 2:00,599.97,605,565,55.56,55.56,27,28.56,0,1
11/11/2025 3:00,599.97,605,565,55.56,55.56,27,28.56,0,1
11/11/2025 4:00,599.97,605,565,55.56,55.56,27,28.56,0,1
11/11/2025 5:00,599.97,605,565,55.56,55.56,27,28.56,0,1
11/11/2025 6:00,599.97,605,565,55.56,55.56,27,28.56,0,1
11/11/2025 7:00,599.97,605,565,57.65,57.65,27,30.65,0,1
11/11/2025 8:00,599.97,605,565,57.73,57.73,27,30.73,0,1
11/11/2025 9:00,599.97,605,565,61,61,27,34,0,1
11/11/2025 10:00,599.97,605,565,56.75,56.75,27,29.75,0,1
11/11/2025 11:00,599.97,605,565,55.56,55.56,27,28.56,0,1
11/11/2025 12:00,599.97,605,565,55.56,55.56,27,28.56,0,1
11/11/2025 13:00,599.97,605,565,55.56,55.56,27,28.56,0,1
11/11/2025 14:00,599.97,605,565,58.1,58.1,27,31.1,0,1
11/11/2025 15:00,599.97,605,565,60.55,60.55,27,33.55,0,1
11/11/2025 16:00,599.97,605,565,61,61,27,34,0,1
11/11/2025 17:00,599.97,605,565,61,61,27,34,0,1
11/11/2025 18:00,599.97,605,565,61,61,27,34,0,1
11/11/2025 19:00,599.97,605,565,61,61,27,34,0,1
11/11/2025 20:00,599.97,605,565,61,61,27,34,0,1
11/11/2025 21:00,599.97,605,565,61,61,27,34,0,1
11/11/2025 22:00,599.97,605,565,61,61,27,34,0,1
11/11/2025 23:00,599.97,605,565,61,61,27,34,0,1
11/12/2025 0:00,599.97,605,565,61,61,27,34,0,1
11/12/2025 1:00,599.97,605,565,61,61,27,34,0,1
11/12/2025 2:00,599.97,605,565,59.68,59.68,27,32.68,0,1
11/12/2025 3:00,599.97,605,565,59.21,59.21,27,32.21,0,1
11/12/2025 4:00,599.97,605,565,58.58,58.58,27,31.58,0,1
11/12/2025 5:00,599.97,605,565,59.17,59.17,27,32.17,0,1
11/12/2025 6:00,599.97,605,565,60.59,60.59,27,33.59,0,1
11/12/2025 7:00,599.97,605,565,61,61,27,34,0,1
11/12/2025 8:00,599.97,605,565,61,61,27,34,0,1
11/12/2025 9:00,599.97,605,565,58.55,58.55,27,31.55,0,1
11/12/2025 10:00,599.97,605,565,60.64,60.64,27,33.64,0,1
11/12/2025 11:00,599.97,605,565,61,61,27,34,0,1
11/12/2025 12:00,599.97,605,565,59.63,59.63,27,32.63,0,1
11/12/2025 13:00,599.97,605,565,59.24,59.24,27,32.24,0,1
11/12/2025 14:00,599.97,605,565,61,61,27,34,0,1
11/12/2025 15:00,599.97,605,565,61,61,27,34,0,1
11/12/2025 16:00,599.97,605,565,61,61,27,34,0,1
11/12/2025 17:00,599.97,605,565,61,61,27,34,0,1
11/12/2025 18:00,599.97,605,565,61,61,27,34,0,1
11/12/2025 19:00,599.97,605,565,61,61,27,34,0,1
11/12/2025 20:00,599.97,605,565,61,61,27,34,0,1
11/12/2025 21:00,599.97,605,565,61,61,27,34,0,1
11/12/2025 22:00,599.97,605,565,61,61,27,34,0,1
11/12/2025 23:00,599.96,605,565,54.35,61,27,34,0,1
11/13/2025 0:00,599.96,605,565,61,61,27,34,0,1
11/13/2025 1:00,599.97,605,565,67.65,61,27,34,0,1
11/13/2025 2:00,599.97,605,565,61,61,27,34,0,1
11/13/2025 3:00,599.97,605,565,61,61,27,34,0,1
11/13/2025 4:00,599.97,605,565,61,61,27,34,0,1
11/13/2025 5:00,599.97,605,565,61,61,27,34,0,1
11/13/2025 6:00,599.97,605,565,61,61,27,34,0,1
11/13/2025 7:00,599.97,605,565,61,61,27,34,0,1
11/13/2025 8:00,599.97,605,565,61,61,27,34,0,1
11/13/2025 9:00,599.97,605,565,59.73,59.73,27,32.73,0,1
11/13/2025 10:00,599.98,605,565,49.8,43.15,27,16.15,0,1
11/13/2025 11:00,599.98,605,565,56.47,56.47,27,29.47,0,1
11/13/2025 12:00,599.98,605,565,55.83,55.83,27,28.83,0,1
11/13/2025 13:00,599.98,605,565,55.56,55.56,27,28.56,0,1
11/13/2025 14:00,599.98,605,565,59.23,59.23,27,32.23,0,1
11/13/2025 15:00,599.98,605,565,55.74,55.74,27,28.74,0,1
11/13/2025 16:00,599.98,605,565,60.68,60.68,27,33.68,0,1
11/13/2025 17:00,599.98,605,565,61,61,27,34,0,1
11/13/2025 18:00,599.98,605,565,61,61,27,34,0,1
11/13/2025 19:00,599.97,605,565,54.35,61,27,34,0,1
11/13/2025 20:00,599.97,605,565,61,61,27,34,0,1
11/13/2025 21:00,599.97,605,565,61,61,27,34,0,1
11/13/2025 22:00,599.97,605,565,61,61,27,34,0,1
11/13/2025 23:00,599.94,605,565,67.04,87,53,34,0,1
11/14/2025 0:00,599.89,605,565,53.74,87,53,34,0,1
11/14/2025 1:00,599.83,605,565,47.08,87,53,34,0,1
11/14/2025 2:00,599.77,605,565,47.08,87,53,34,0,1
11/14/2025 3:00,599.71,605,565,47.08,87,53,34,0,1
11/14/2025 4:00,599.65,605,565,47.08,87,53,34,0,1
11/14/2025 5:00,599.59,605,565,47.08,87,53,34,0,1
11/14/2025 6:00,599.53,605,565,47.08,87,53,34,0,1
11/14/2025 7:00,599.47,605,565,47.08,87,53,34,0,1
11/14/2025 8:00,599.41,605,565,47.08,87,53,34,0,1
11/14/2025 9:00,599.35,605,565,46.26,86.18,53,33.18,0,1
11/14/2025 10:00,599.29,605,565,42.06,81.98,53,28.98,0,1
11/14/2025 11:00,599.23,605,565,41.64,81.56,53,28.56,0,1
11/14/2025 12:00,599.17,605,565,41.64,81.56,53,28.56,0,1
11/14/2025 13:00,599.12,605,565,39.02,72.28,53,19.28,0,1
11/14/2025 14:00,599.05,605,565,35.44,82.01,53,29.01,0,1
11/14/2025 15:00,598.98,605,565,40.34,86.91,53,33.91,0,1
11/14/2025 16:00,598.91,605,565,40.43,87,53,34,0,1
11/14/2025 17:00,598.85,605,565,47.08,87,53,34,0,1
11/14/2025 18:00,598.79,605,565,47.08,87,53,34,0,1
11/14/2025 19:00,598.73,605,565,47.08,87,53,34,0,1
11/14/2025 20:00,598.68,605,565,53.74,87,53,34,0,1
11/14/2025 21:00,598.63,605,565,53.74,87,53,34,0,1
11/14/2025 22:00,598.58,605,565,53.74,87,53,34,0,1
11/14/2025 23:00,598.53,605,565,53.74,87,53,34,0,1
11/15/2025 0:00,598.48,605,565,53.74,87,53,34,0,1
11/15/2025 1:00,598.43,605,565,53.74,87,53,34,0,1
11/15/2025 2:00,598.38,605,565,53.74,87,53,34,0,1
11/15/2025 3:00,598.33,605,565,53.74,87,53,34,0,1
11/15/2025 4:00,598.28,605,565,53.74,87,53,34,0,1
11/15/2025 5:00,598.24,605,565,60.39,87,53,34,0,1
11/15/2025 6:00,598.2,605,565,60.39,87,53,34,0,1
11/15/2025 7:00,598.16,605,565,60.39,87,53,34,0,1
11/15/2025 8:00,598.11,605,565,53.74,87,53,34,0,1
11/15/2025 9:00,598.05,605,565,44.03,83.95,53,30.95,0,1
11/15/2025 10:00,597.98,605,565,34.99,81.56,53,28.56,0,1
11/15/2025 11:00,597.91,605,565,38.16,84.73,53,31.73,0,1
11/15/2025 12:00,597.84,605,565,34.99,81.56,53,28.56,0,1
11/15/2025 13:00,597.77,605,565,34.99,81.56,53,28.56,0,1
11/15/2025 14:00,597.7,605,565,35.69,82.26,53,29.26,0,1
11/15/2025 15:00,597.63,605,565,38.62,85.19,53,32.19,0,1
11/15/2025 16:00,597.56,605,565,40.43,87,53,34,0,1
11/15/2025 17:00,597.49,605,565,40.43,87,53,34,0,1
11/15/2025 18:00,597.41,605,565,33.78,87,53,34,0,1
11/15/2025 19:00,597.34,605,565,40.43,87,53,34,0,1
11/15/2025 20:00,597.26,605,565,33.78,87,53,34,0,1
11/15/2025 21:00,597.18,605,565,33.78,87,53,34,0,1
11/15/2025 22:00,597.1,605,565,33.78,87,53,34,0,1
11/15/2025 23:00,597,605,565,20.47,87,53,34,0,1
11/16/2025 0:00,597,605,565,61,61,27,34,0,1
11/16/2025 1:00,597,605,565,61,61,27,34,0,1
11/16/2025 2:00,597,605,565,61,61,27,34,0,1
11/16/2025 3:00,597,605,565,61,61,27,34,0,1
11/16/2025 4:00,597,605,565,61,61,27,34,0,1
11/16/2025 5:00,597,605,565,61,61,27,34,0,1
11/16/2025 6:00,597,605,565,61,61,27,34,0,1
11/16/2025 7:00,597,605,565,61,61,27,34,0,1
11/16/2025 8:00,597,605,565,61,61,27,34,0,1
11/16/2025 9:00,597,605,565,61,61,27,34,0,1
11/16/2025 10:00,597,605,565,61,61,27,34,0,1
11/16/2025 11:00,597,605,565,61,61,27,34,0,1
11/16/2025 12:00,597,605,565,58.82,58.82,27,31.82,0,1
11/16/2025 13:00,597,605,565,57.59,57.59,27,30.59,0,1
11/16/2025 14:00,597,605,565,61,61,27,34,0,1
11/16/2025 15:00,597,605,565,61,61,27,34,0,1
11/16/2025 16:00,597,605,565,61,61,27,34,0,1
11/16/2025 17:00,597,605,565,61,61,27,34,0,1
11/16/2025 18:00,597,605,565,61,61,27,34,0,1
11/16/2025 19:00,597,605,565,61,61,27,34,0,1
11/16/2025 20:00,597,605,565,77,77,43,34,0,1
11/16/2025 21:00,597,605,565,98,98,64,34,0,1
11/16/2025 22:00,597,605,565,98,98,64,34,0,1
11/16/2025 23:00,597,605,565,98,98,64,34,0,1
11/17/2025 0:00,597,605,565,98,98,64,34,0,1
11/17/2025 1:00,597,605,565,96.9,96.9,64,32.9,0,1
11/17/2025 2:00,597,605,565,96.34,96.34,64,32.34,0,1
11/17/2025 3:00,597,605,565,96.86,96.86,64,32.86,0,1
11/17/2025 4:00,597,605,565,98,98,64,34,0,1
11/17/2025 5:00,597.17,605,565,211.1,98,64,34,0,1
11/17/2025 6:00,597.36,605,565,224.4,98,64,34,0,1
11/17/2025 7:00,597.57,605,565,237.71,98,64,34,0,1
11/17/2025 8:00,597.77,605,565,231.06,98,64,34,0,1
11/17/2025 9:00,597.97,605,565,231.06,98,64,34,0,1
11/17/2025 10:00,598.15,605,565,217.75,98,64,34,0,1
11/17/2025 11:00,598.32,605,565,211.1,98,64,34,0,1
11/17/2025 12:00,598.49,605,565,208.21,95.11,64,31.11,0,1
11/17/2025 13:00,598.66,605,565,209.64,96.54,64,32.54,0,1
11/17/2025 14:00,598.83,605,565,211.1,98,64,34,0,1
11/17/2025 15:00,599,605,565,211.1,98,64,34,0,1
11/17/2025 16:00,599.17,605,565,211.1,98,64,34,0,1
11/17/2025 17:00,599.34,605,565,211.1,98,64,34,0,1
11/17/2025 18:00,599.51,605,565,211.1,98,64,34,0,1
11/17/2025 19:00,599.63,605,565,177.83,98,64,34,0,1
11/17/2025 20:00,599.75,605,565,177.83,98,64,34,0,1
11/17/2025 21:00,599.87,605,565,177.83,98,64,34,0,1
11/17/2025 22:00,599.99,605,565,177.83,98,64,34,0,1
11/17/2025 23:00,600.1,605,565,179.39,98,64,34,0,1
11/18/2025 0:00,600.21,605,565,180.21,98,64,34,0,1
11/18/2025 1:00,600.32,605,565,180.21,98,64,34,0,1
11/18/2025 2:00,600.44,605,565,187.68,98,64,34,0,1
11/18/2025 3:00,600.56,605,565,187.68,98,64,34,0,1
11/18/2025 4:00,600.68,605,565,187.68,98,64,34,0,1
11/18/2025 5:00,600.8,605,565,187.68,98,64,34,0,1
11/18/2025 6:00,600.9,605,565,172.73,98,64,34,0,1
11/18/2025 7:00,600.97,605,565,110.79,58.48,25,33.48,0,1
11/18/2025 8:00,601.01,605,565,70.91,41.02,10,31.02,0,1
11/18/2025 9:00,601.02,605,565,51.47,44,10,34,0,1
11/18/2025 10:00,601.03,605,565,48.14,40.67,10,30.67,0,1
11/18/2025 11:00,601.04,605,565,47.45,39.98,10,29.98,0,1
11/18/2025 12:00,601.05,605,565,46.03,38.56,10,28.56,0,1
11/18/2025 13:00,601.06,605,565,46.03,38.56,10,28.56,0,1
11/18/2025 14:00,601.07,605,565,48.52,41.05,10,31.05,0,1
11/18/2025 15:00,601.08,605,565,51.47,44,10,34,0,1
11/18/2025 16:00,601.09,605,565,51.47,44,10,34,0,1
11/18/2025 17:00,601.1,605,565,51.47,44,10,34,0,1
11/18/2025 18:00,601.11,605,565,51.47,44,10,34,0,1
11/18/2025 19:00,601.12,605,565,51.47,44,10,34,0,1
11/18/2025 20:00,601.13,605,565,51.47,44,10,34,0,1
11/18/2025 21:00,601.14,605,565,51.47,44,10,34,0,1
11/18/2025 22:00,601.15,605,565,51.47,44,10,34,0,1
11/18/2025 23:00,601.16,605,565,51.47,44,10,34,0,1
11/19/2025 0:00,601.17,605,565,51.47,44,10,34,0,1
11/19/2025 1:00,601.18,605,565,50.18,42.71,10,32.71,0,1
11/19/2025 2:00,601.19,605,565,48.23,40.76,10,30.76,0,1
11/19/2025 3:00,601.2,605,565,46.67,39.2,10,29.2,0,1
11/19/2025 4:00,601.21,605,565,46.67,39.2,10,29.2,0,1
11/19/2025 5:00,601.22,605,565,46.67,39.2,10,29.2,0,1
11/19/2025 6:00,601.23,605,565,50.23,42.76,10,32.76,0,1
11/19/2025 7:00,601.24,605,565,51.47,44,10,34,0,1
11/19/2025 8:00,601.25,605,565,51.16,43.69,10,33.69,0,1
11/19/2025 9:00,601.26,605,565,51.47,44,10,34,0,1
11/19/2025 10:00,601.27,605,565,51.47,44,10,34,0,1
11/19/2025 11:00,601.28,605,565,51.47,44,10,34,0,1
11/19/2025 12:00,601.29,605,565,48.89,41.42,10,31.42,0,1
11/19/2025 13:00,601.3,605,565,47.5,40.03,10,30.03,0,1
11/19/2025 14:00,601.31,605,565,51.47,44,10,34,0,1
11/19/2025 15:00,601.32,605,565,51.47,44,10,34,0,1
11/19/2025 16:00,601.33,605,565,51.47,44,10,34,0,1
11/19/2025 17:00,601.34,605,565,51.47,44,10,34,0,1
11/19/2025 18:00,601.35,605,565,51.47,44,10,34,0,1
11/19/2025 19:00,601.36,605,565,51.47,44,10,34,0,1
11/19/2025 20:00,601.37,605,565,51.47,44,10,34,0,1
11/19/2025 21:00,601.38,605,565,51.47,44,10,34,0,1
11/19/2025 22:00,601.39,605,565,51.47,44,10,34,0,1
11/19/2025 23:00,601.4,605,565,51.47,44,10,34,0,1
11/20/2025 0:00,601.41,605,565,51.47,44,10,34,0,1
11/20/2025 1:00,601.42,605,565,47.23,39.76,10,29.76,0,1
11/20/2025 2:00,601.43,605,565,46.03,38.56,10,28.56,0,1
11/20/2025 3:00,601.44,605,565,46.03,38.56,10,28.56,0,1
11/20/2025 4:00,601.45,605,565,46.03,38.56,10,28.56,0,1
11/20/2025 5:00,601.46,605,565,46.03,38.56,10,28.56,0,1
11/20/2025 6:00,601.47,605,565,46.03,38.56,10,28.56,0,1
11/20/2025 7:00,601.48,605,565,46.03,38.56,10,28.56,0,1
11/20/2025 8:00,601.49,605,565,46.71,39.24,10,29.24,0,1
11/20/2025 9:00,601.52,605,565,61.66,39.24,10,29.24,0,1
11/20/2025 10:00,601.56,605,565,70.21,40.32,10,30.32,0,1
11/20/2025 11:00,601.61,605,565,76.11,38.74,10,28.74,0,1
11/20/2025 12:00,601.66,605,565,76.28,38.91,10,28.91,0,1
11/20/2025 13:00,601.71,605,565,75.93,38.56,10,28.56,0,1
11/20/2025 14:00,601.76,605,565,76.47,39.1,10,29.1,0,1
11/20/2025 15:00,601.81,605,565,80.3,42.93,10,32.93,0,1
11/20/2025 16:00,601.86,605,565,81.37,44,10,34,0,1
11/20/2025 17:00,601.9,605,565,73.89,44,10,34,0,1
11/20/2025 18:00,601.95,605,565,81.37,44,10,34,0,1
11/20/2025 19:00,602,605,565,81.37,44,10,34,0,1
11/20/2025 20:00,602.05,605,565,81.37,44,10,34,0,1
11/20/2025 21:00,602.1,605,565,81.37,44,10,34,0,1
11/20/2025 22:00,602.1,605,565,81.37,44,10,34,0,1
11/20/2025 23:00,602.1,605,565,81.37,44,10,34,0,1
11/21/2025 0:00,602.25,605,565,75.93,38.56,10,28.56,0,1
11/21/2025 1:00,602.3,605,565,75.93,38.56,10,28.56,0,1
11/21/2025 2:00,602.35,605,565,75.93,38.56,10,28.56,0,1
11/21/2025 3:00,602.4,605,565,75.93,38.56,10,28.56,0,1
11/21/2025 4:00,602.45,605,565,75.93,38.56,10,28.56,0,1
11/21/2025 5:00,602.5,605,565,75.93,38.56,10,28.56,0,1
11/21/2025 6:00,602.55,605,565,75.93,38.56,10,28.56,0,1
11/21/2025 7:00,602.61,605,565,86.15,41.31,10,31.31,0,1
11/21/2025 8:00,602.65,605,565,72.91,43.02,10,33.02,0,1
11/21/2025 9:00,602.68,605,565,64.58,42.16,10,32.16,0,1
11/21/2025 10:00,602.73,605,565,76.54,39.17,10,29.17,0,1
11/21/2025 11:00,602.78,605,565,75.93,38.56,10,28.56,0,1
11/21/2025 12:00,602.83,605,565,75.93,38.56,10,28.56,0,1
11/21/2025 13:00,602.89,605,565,83.4,38.56,10,28.56,0,1
11/21/2025 14:00,602.95,605,565,85.31,40.47,10,30.47,0,1
11/21/2025 15:00,603,605,565,81.37,44,10,34,0,1
11/21/2025 16:00,603.05,605,565,81.37,44,10,34,0,1
11/21/2025 17:00,603.1,605,565,81.37,44,10,34,0,1
11/21/2025 18:00,603.14,605,565,73.89,44,10,34,0,1
11/21/2025 19:00,603.16,605,565,58.95,44,10,34,0,1
11/21/2025 20:00,603.18,605,565,58.95,44,10,34,0,1
11/21/2025 21:00,603.2,605,565,58.95,44,10,34,0,1
11/21/2025 22:00,603.2,605,565,58.95,44,10,34,0,1
11/21/2025 23:00,603.2,605,565,58.95,44,10,34,0,1
11/22/2025 0:00,603.26,605,565,53.51,38.56,10,28.56,0,1
11/22/2025 1:00,603.28,605,565,53.51,38.56,10,28.56,0,1
11/22/2025 2:00,603.32,605,565,68.45,38.56,10,28.56,0,1
11/22/2025 3:00,603.36,605,565,68.45,38.56,10,28.56,0,1
11/22/2025 4:00,603.4,605,565,68.45,38.56,10,28.56,0,1
11/22/2025 5:00,603.45,605,565,75.93,38.56,10,28.56,0,1
11/22/2025 6:00,603.5,605,565,79.49,42.12,10,32.12,0,1
11/22/2025 7:00,603.55,605,565,81.37,44,10,34,0,1
11/22/2025 8:00,603.6,605,565,81.37,44,10,34,0,1
11/22/2025 9:00,603.65,605,565,81.37,44,10,34,0,1
11/22/2025 10:00,603.68,605,565,66.42,44,10,34,0,1
11/22/2025 11:00,603.7,605,565,57.73,42.78,10,32.78,0,1
11/22/2025 12:00,603.71,605,565,46.81,39.34,10,29.34,0,1
11/22/2025 13:00,603.72,605,565,47.93,40.46,10,30.46,0,1
11/22/2025 14:00,603.75,605,565,66.35,43.93,10,33.93,0,1
11/22/2025 15:00,603.77,605,565,58.95,44,10,34,0,1
11/22/2025 16:00,603.79,605,565,58.95,44,10,34,0,1
11/22/2025 17:00,603.81,605,565,58.95,44,10,34,0,1
11/22/2025 18:00,603.83,605,565,58.95,44,10,34,0,1
11/22/2025 19:00,603.85,605,565,54.96,40.01,10,30.01,0,1
11/22/2025 20:00,603.87,605,565,56.77,41.82,10,31.82,0,1
11/22/2025 21:00,603.89,605,565,58.95,44,10,34,0,1
11/22/2025 22:00,603.91,605,565,58.95,44,10,34,0,1
11/22/2025 23:00,603.91,605,565,58.95,44,10,34,0,1
11/23/2025 0:00,603.95,605,565,58.95,44,10,34,0,1
11/23/2025 1:00,603.97,605,565,57.2,42.25,10,32.25,0,1
11/23/2025 2:00,603.97,605,565,39.1,39.1,10,29.1,0,1
11/23/2025 3:00,603.98,605,565,46.98,39.51,10,29.51,0,1
11/23/2025 4:00,603.98,605,565,38.59,38.59,10,28.59,0,1
11/23/2025 5:00,603.98,605,565,38.59,38.59,10,28.59,0,1
11/23/2025 6:00,603.98,605,565,38.56,38.56,10,28.56,0,1
11/23/2025 7:00,603.98,605,565,38.56,38.56,10,28.56,0,1
11/23/2025 8:00,603.98,605,565,38.94,38.94,10,28.94,0,1
11/23/2025 9:00,603.98,605,565,39.68,39.68,10,29.68,0,1
11/23/2025 10:00,603.98,605,565,38.56,38.56,10,28.56,0,1
11/23/2025 11:00,603.98,605,565,38.56,38.56,10,28.56,0,1
11/23/2025 12:00,603.98,605,565,38.56,38.56,10,28.56,0,1
11/23/2025 13:00,603.98,605,565,38.56,38.56,10,28.56,0,1
11/23/2025 14:00,603.97,605,565,31.09,38.56,10,28.56,0,1
11/23/2025 15:00,603.97,605,565,40.04,40.04,10,30.04,0,1
11/23/2025 16:00,603.97,605,565,42.35,42.35,10,32.35,0,1
11/23/2025 17:00,603.98,605,565,51.47,44,10,34,0,1
11/23/2025 18:00,603.98,605,565,44,44,10,34,0,1
11/23/2025 19:00,603.98,605,565,44,44,10,34,0,1
11/23/2025 20:00,603.98,605,565,44,44,10,34,0,1
11/23/2025 21:00,603.98,605,565,43.59,43.59,10,33.59,0,1
11/23/2025 22:00,603.98,605,565,42.33,42.33,10,32.33,0,1
11/23/2025 23:00,603.98,605,565,41.24,41.24,10,31.24,0,1
11/24/2025 0:00,603.98,605,565,38.87,38.87,10,28.87,0,1
11/24/2025 1:00,603.98,605,565,38.56,38.56,10,28.56,0,1
11/24/2025 2:00,603.98,605,565,38.56,38.56,10,28.56,0,1
11/24/2025 3:00,603.98,605,565,38.56,38.56,10,28.56,0,1
11/24/2025 4:00,603.98,605,565,38.56,38.56,10,28.56,0,1
11/24/2025 5:00,603.98,605,565,53.56,53.56,25,28.56,0,1
11/24/2025 6:00,603.98,605,565,53.56,53.56,25,28.56,0,1
11/24/2025 7:00,603.98,605,565,59,59,25,34,0,1
11/24/2025 8:00,603.98,605,565,59,59,25,34,0,1
11/24/2025 9:00,603.98,605,565,54.98,54.98,25,29.98,0,1
11/24/2025 10:00,603.98,605,565,53.58,53.58,25,28.58,0,1
11/24/2025 11:00,603.98,605,565,47.61,47.61,25,22.61,0,1
11/24/2025 12:00,603.99,605,565,48.02,40.55,25,15.55,0,1
11/24/2025 13:00,603.99,605,565,40.87,40.87,25,15.87,0,1
11/24/2025 14:00,603.98,605,565,47.79,55.26,25,30.26,0,1
11/24/2025 15:00,603.98,605,565,55.2,55.2,25,30.2,0,1
11/24/2025 16:00,603.97,605,565,51.53,59,25,34,0,1
11/24/2025 17:00,603.97,605,565,44,44,10,34,0,1
11/24/2025 18:00,603.97,605,565,44,44,10,34,0,1
11/24/2025 19:00,603.97,605,565,44,44,10,34,0,1
11/24/2025 20:00,603.97,605,565,44,44,10,34,0,1
11/24/2025 21:00,603.97,605,565,38.83,38.83,10,28.83,0,1
11/24/2025 22:00,603.97,605,565,38.56,38.56,10,28.56,0,1
11/24/2025 23:00,603.97,605,565,38.56,38.56,10,28.56,0,1
11/25/2025 0:00,603.97,605,565,38.56,38.56,10,28.56,0,1
11/25/2025 1:00,603.97,605,565,38.56,38.56,10,28.56,0,1
11/25/2025 2:00,603.97,605,565,38.56,38.56,10,28.56,0,1
11/25/2025 3:00,603.97,605,565,38.56,38.56,10,28.56,0,1
11/25/2025 4:00,603.97,605,565,38.56,38.56,10,28.56,0,1
11/25/2025 5:00,603.97,605,565,38.56,38.56,10,28.56,0,1
11/25/2025 6:00,603.97,605,565,38.56,38.56,10,28.56,0,1
11/25/2025 7:00,603.97,605,565,38.56,38.56,10,28.56,0,1
11/25/2025 8:00,603.97,605,565,38.56,38.56,10,28.56,0,1
11/25/2025 9:00,603.97,605,565,38.56,38.56,10,28.56,0,1
11/25/2025 10:00,603.97,605,565,40.83,40.83,10,30.83,0,1
11/25/2025 11:00,603.98,605,565,51.47,44,10,34,0,1
11/25/2025 12:00,603.98,605,565,41.28,41.28,10,31.28,0,1
11/25/2025 13:00,603.98,605,565,38.56,38.56,10,28.56,0,1
11/25/2025 14:00,603.98,605,565,40.31,40.31,10,30.31,0,1
11/25/2025 15:00,603.98,605,565,42.87,42.87,10,32.87,0,1
11/25/2025 16:00,603.98,605,565,44,44,10,34,0,1
11/25/2025 17:00,603.98,605,565,44,44,10,34,0,1
11/25/2025 18:00,603.98,605,565,44,44,10,34,0,1
11/25/2025 19:00,603.98,605,565,44,44,10,34,0,1
11/25/2025 20:00,603.98,605,565,44,44,10,34,0,1
11/25/2025 21:00,603.98,605,565,44,44,10,34,0,1
11/25/2025 22:00,603.98,605,565,44,44,10,34,0,1
11/25/2025 23:00,603.98,605,565,44,44,10,34,0,1
11/26/2025 0:00,603.98,605,565,40.86,40.86,10,30.86,0,1
11/26/2025 1:00,603.98,605,565,40.79,40.79,10,30.79,0,1
11/26/2025 2:00,603.98,605,565,40.13,40.13,10,30.13,0,1
11/26/2025 3:00,603.98,605,565,39.1,39.1,10,29.1,0,1
11/26/2025 4:00,603.98,605,565,39.04,39.04,10,29.04,0,1
11/26/2025 5:00,603.98,605,565,39.04,39.04,10,29.04,0,1
11/26/2025 6:00,603.98,605,565,39.04,39.04,10,29.04,0,1
11/26/2025 7:00,603.98,605,565,39.45,39.45,10,29.45,0,1
11/26/2025 8:00,603.98,605,565,40.64,40.64,10,30.64,0,1
11/26/2025 9:00,603.98,605,565,40.67,40.67,10,30.67,0,1
11/26/2025 10:00,603.98,605,565,38.56,38.56,10,28.56,0,1
11/26/2025 11:00,603.98,605,565,38.56,38.56,10,28.56,0,1
11/26/2025 12:00,603.97,605,565,31.09,38.56,10,28.56,0,1
11/26/2025 13:00,603.97,605,565,33.32,33.32,10,23.32,0,1
11/26/2025 14:00,603.98,605,565,32.47,25,25,0,0,1
11/26/2025 15:00,603.96,605,565,33.61,48.56,25,23.56,0,1
11/26/2025 16:00,603.95,605,565,31.09,38.56,10,28.56,0,1
11/26/2025 17:00,603.95,605,565,38.27,38.27,10,28.27,0,1
11/26/2025 18:00,603.95,605,565,37.4,37.4,10,27.4,0,1
11/26/2025 19:00,603.95,605,565,37.4,37.4,10,27.4,0,1
11/26/2025 20:00,603.95,605,565,37.4,37.4,10,27.4,0,1
11/26/2025 21:00,603.95,605,565,37.4,37.4,10,27.4,0,1
11/26/2025 22:00,603.95,605,565,38.3,38.3,10,28.3,0,1
11/26/2025 23:00,603.95,605,565,38.3,38.3,10,28.3,0,1
